level_id,campaign_number,seed,profile,generator_version,exact_fingerprint,symmetry_fingerprint,board,arrows,magnets,walls,certified_solution,solution_count,solution_capped,difficulty_score,difficulty_band,quality_score,quality_status,quality_reasons,fatal_choice_ratio,forced_move_ratio,average_branching,maximum_branching,critical_constraints,pull_actions,push_actions,polarity_flips,controller_changes,occlusion_dependencies,cancellation_dependencies,wall_dependencies,visual_congestion,solver_states,generation_certification_ms,essential_analysis_capped,attempts,similarity_neighbors,proposed_curriculum_position
m52-candidate-520002,101,520002,m52-mastery-v1,2,sha256:a9f57511e28b273486b0df32d586be212d64e3d4cf3f996a7006cb23e6694cf4,sha256:ad7f1e92a06a2abc8a6e8f148a1b2f7e77670033a5aa8260f3b00d9b9b636626,7x7,6,2,2,"A+B+C+D+E+F",64,true,70,Hard,95,ACCEPT,"",0.2000,0.1667,3.0000,5,3,2,2,4,1,0,0,0,0.1076,64,11,false,2,"m52-candidate-520033+m52-candidate-520268+m52-candidate-520319",101:reorientation
m52-candidate-520005,102,520005,m52-mastery-v1,2,sha256:c8d9a996fa8ce00ab8375bd8677a43823437f1b43b383358e2ff3b8529319cec,sha256:744b301a9e099cdfd841f270a718967686bf7176370c259cf81b60fac77f1ab8,7x7,6,2,4,"A+B+C+D+E+F",64,true,47,Medium,99,ACCEPT,"",0.0000,0.1667,3.3333,5,0,2,2,4,1,0,0,0,0.1300,48,5,false,1,"m52-candidate-520074+m52-candidate-520077+m52-candidate-520105+m52-candidate-520119+m52-candidate-520185+m52-candidate-520206+m52-candidate-520235+m52-candidate-520311",102:reorientation
m52-candidate-520007,103,520007,m52-advanced-continuation-v1,2,sha256:eb0331df8b283e884044d73881d9ef80cc002dba14a6f8d6ba0122dc0d05afaf,sha256:990b6f410f087ba3a9bdf1b214e9e7ca065180c9e2825210d9d0c3e84b347cd9,7x7,3,1,4,"B+A+C",2,false,60,Medium,90,ACCEPT,"",0.5000,0.6667,1.3333,2,1,2,1,3,0,0,0,0,0.1173,7,0,false,1,"m52-candidate-520255",103:reorientation
m52-candidate-520011,104,520011,m52-mastery-v1,2,sha256:63cdff2823cd7d56f8ea82b2b50e2548710f381a4a7c94c04e5944f49a6a03a2,sha256:30a3a17a7805bccb8ee481f19172bfaf578c5d1c1694eebd5364cbe253d67540,7x7,6,2,7,"A+B+C+D+E+F",64,true,46,Medium,98,ACCEPT,"",0.0000,0.1667,3.5000,6,0,2,2,4,1,0,0,0,0.1721,64,5,false,2,"m52-candidate-520170+m52-candidate-520218+m52-candidate-520227+m52-candidate-520252",104:reorientation
m52-candidate-520014,105,520014,m52-mastery-v1,2,sha256:9e347d30a593a183ed4b386da6be4ce6419a595b5b15cf52122a456cab8259fd,sha256:daaf68ade1308ef9ab956abf1f4e1c1eb6615cce4118bb62dc7c4dae24a2745d,7x7,6,2,4,"A+B+C+D+E+F",64,true,46,Medium,99,ACCEPT,"",0.0000,0.1667,3.5000,6,0,2,2,4,1,0,0,0,0.1376,64,5,false,2,"m52-candidate-520024+m52-candidate-520026+m52-candidate-520062+m52-candidate-520083+m52-candidate-520103+m52-candidate-520152+m52-candidate-520200+m52-candidate-520211+m52-candidate-520257+m52-candidate-520272+m52-candidate-520328+m52-candidate-520338",105:reorientation
m52-candidate-520017,106,520017,m52-mastery-v1,2,sha256:f504e4861436bd73e5c0495bda62d399949fd5a2c2974556b708450b0a411817,sha256:7078a9485dae9937183a34377336dee8d2ab50a75770bad89a669d66f575a23b,7x7,6,2,5,"A+B+C+D+E+F",64,true,46,Medium,99,ACCEPT,"",0.0000,0.1667,3.5000,6,0,2,2,4,1,0,0,0,0.1487,64,5,false,1,"m52-candidate-520035+m52-candidate-520063+m52-candidate-520065+m52-candidate-520101+m52-candidate-520265+m52-candidate-520344",106:reorientation
m52-candidate-520018,107,520018,m52-advanced-continuation-v1,2,sha256:66af7122d8f8599e6b553fc74171f292d85982e561f66baa37734c5e0d25c72e,sha256:d117dd88fba5fb43a23061d3ab890aacf5ac3521b170b34d33d273243df3db99,7x7,4,1,4,"A+B+C+D",4,false,67,Hard,88,ACCEPT,"",0.6000,0.5000,1.5000,2,2,2,2,4,0,0,0,0,0.1057,15,1,false,1,"m52-candidate-520066+m52-candidate-520075",107:reorientation
m52-candidate-520022,108,520022,m52-advanced-continuation-v1,2,sha256:88ce08590f82dd82f69868abf5ce40c67ce87144451132358164e10af4cdf7cb,sha256:9ab4f2cf4c2143f9078b5f1407c8090457b49d2f27733a79eb9889d1c4b5bd61,7x7,6,2,6,"A+B+C+D+E+F",64,true,46,Medium,99,ACCEPT,"",0.0000,0.1667,3.5000,6,0,2,2,4,1,0,0,0,0.1484,64,4,false,1,"m52-candidate-520032+m52-candidate-520177+m52-candidate-520266+m52-candidate-520269+m52-candidate-520299+m52-candidate-520314",108:reorientation
m52-candidate-520023,109,520023,m52-mastery-v1,2,sha256:71ef1f0b5db54df04b48a68836b21cb1f07fdd7b09b5e7a72c2f8d4d3ff915eb,sha256:67435fc07b0e670128dbe28b1b730dc9c094e02266d67565665a90f0827b9f3d,7x7,6,2,3,"A+B+C+D+E+F",64,true,46,Medium,99,ACCEPT,"",0.0000,0.1667,3.5000,6,0,2,2,4,1,0,0,0,0.1304,64,3,false,1,"m52-candidate-520080+m52-candidate-520092+m52-candidate-520113+m52-candidate-520260+m52-candidate-520289",109:reorientation
m52-candidate-520024,110,520024,m52-advanced-continuation-v1,2,sha256:ed32f1b9b42b1475e597ca0947f83de4c3ccf7d0bba6d97594a2f11415beb7dc,sha256:3bed00557dfc1649c76c6b35263686a1853db4f0db7aa668b1030b171dfd6032,7x7,6,2,4,"A+B+C+D+E+F",64,true,46,Medium,99,ACCEPT,"",0.0000,0.1667,3.5000,6,0,2,2,4,1,0,0,0,0.1376,64,5,false,1,"m52-candidate-520014+m52-candidate-520026+m52-candidate-520062+m52-candidate-520083+m52-candidate-520103+m52-candidate-520152+m52-candidate-520200+m52-candidate-520211+m52-candidate-520257+m52-candidate-520272+m52-candidate-520328+m52-candidate-520338",110:reorientation
m52-candidate-520025,111,520025,m52-advanced-continuation-v1,2,sha256:2d61f52377921e48f4421fde83e27d4021b96864623c85d4a4b6e7dad33272de,sha256:a5a3cd783d976c742cd231dd589771c6d85f21b39c92b4029c97f6389a0e1797,7x7,3,1,7,"B+A+C",2,false,60,Medium,90,ACCEPT,"",0.5000,0.6667,1.3333,2,1,2,1,3,0,0,0,0,0.1441,7,0,false,1,"m52-candidate-520243+m52-candidate-520277",111:crossfields
m52-candidate-520026,112,520026,m52-mastery-v1,2,sha256:992c65dab39ce7a786d576c48d9d07797ea65d17ed4a400d71a57abe05680345,sha256:64eb189cc59a5d9df892a85f3182173cb1c9b01b15bd122c11df2557c06d11dd,7x7,6,2,4,"A+B+C+D+E+F",64,true,46,Medium,99,ACCEPT,"",0.0000,0.1667,3.5000,6,0,2,2,4,1,0,0,0,0.1300,64,4,false,1,"m52-candidate-520014+m52-candidate-520024+m52-candidate-520062+m52-candidate-520083+m52-candidate-520103+m52-candidate-520152+m52-candidate-520200+m52-candidate-520211+m52-candidate-520257+m52-candidate-520272+m52-candidate-520328+m52-candidate-520338",112:crossfields
m52-candidate-520030,113,520030,m52-advanced-continuation-v1,2,sha256:6bbdb23786358ba5c9c4e140d76e7b37aa1844dca3a678928d2d4a1bb01ee34b,sha256:afbe39f3f2d7270c8f3830254c2e6de851c10db42dff3ae714975c0f97d22e06,7x7,6,2,6,"A+B+C+D+E+F",64,true,46,Medium,98,ACCEPT,"",0.0000,0.1667,3.5000,6,0,2,2,4,1,0,0,0,0.1593,64,4,false,1,"m52-candidate-520031+m52-candidate-520037+m52-candidate-520038+m52-candidate-520081+m52-candidate-520095+m52-candidate-520110+m52-candidate-520112+m52-candidate-520141+m52-candidate-520179+m52-candidate-520199+m52-candidate-520245+m52-candidate-520258+m52-candidate-520275+m52-candidate-520305",113:crossfields
m52-candidate-520031,114,520031,m52-advanced-continuation-v1,2,sha256:13dd29f7e6c31d6a23a1a586cb8e805c32dabc3e64622f225ffaa2b8ae8bc293,sha256:2c57a0e4219bd0b91bf047f6f99eda12283d64104008219fb1c857e022bf4d70,7x7,6,2,6,"A+B+C+D+E+F",64,true,46,Medium,98,ACCEPT,"",0.0000,0.1667,3.5000,6,0,2,2,4,1,0,0,0,0.1566,64,4,false,1,"m52-candidate-520030+m52-candidate-520037+m52-candidate-520038+m52-candidate-520081+m52-candidate-520095+m52-candidate-520110+m52-candidate-520112+m52-candidate-520141+m52-candidate-520179+m52-candidate-520199+m52-candidate-520245+m52-candidate-520258+m52-candidate-520275+m52-candidate-520305",114:crossfields
m52-candidate-520032,115,520032,m52-mastery-v1,2,sha256:02e682e3d1224cbd71895110137c9367cb4d20579e016fcebbf67f2f32af8b2b,sha256:750f9ef067f63e2c9d9df45ba65ffca1aa30bf1f53c3a21e8ddd93cb3531f616,7x7,6,2,6,"A+B+C+D+E+F",64,true,48,Medium,98,ACCEPT,"",0.0000,0.1667,3.1667,5,0,2,1,3,1,1,0,1,0.1566,48,3,false,1,"m52-candidate-520022+m52-candidate-520177+m52-candidate-520266+m52-candidate-520269+m52-candidate-520299+m52-candidate-520314",115:crossfields
m52-candidate-520033,116,520033,m52-advanced-continuation-v1,2,sha256:35f345d41ce32c74179ad1603140266a6c8c99fa2a6d62148525205c63fd5f15,sha256:d73f6374cc325adc77a7514c2c4f8fc7428b5e4d2c8690b736d127a1cdfb0498,7x7,6,2,2,"A+B+C+D+E+F",64,true,45,Normal,99,ACCEPT,"",0.0000,0.1667,3.5000,6,0,1,2,3,1,1,0,1,0.1132,64,3,false,1,"m52-candidate-520002+m52-candidate-520268+m52-candidate-520319",116:crossfields
m52-candidate-520035,117,520035,m52-mastery-v1,2,sha256:f94f6cc412df836602977ef1b7867efbeb3c52578d62e600dca01a88c1b31260,sha256:3bce427cfdedd1deefa94a82a5dad35cc87fc6df9d43c659abd01d2099942915,7x7,6,2,5,"A+B+C+D+E+F",64,true,46,Medium,99,ACCEPT,"",0.0000,0.1667,3.5000,6,0,2,2,4,1,0,0,0,0.1455,64,4,false,1,"m52-candidate-520017+m52-candidate-520063+m52-candidate-520065+m52-candidate-520101+m52-candidate-520265+m52-candidate-520344",117:crossfields
m52-candidate-520036,118,520036,m52-advanced-continuation-v1,2,sha256:e384d1f0f65657216f104a65a9d67e08ab0994638c4985135678c10b14372229,sha256:1df7181da67a48067cc12f428a86eb7cf930cdb05f6e5e9bef0af9893d874c32,7x7,3,1,7,"B+A+C",2,false,60,Medium,90,ACCEPT,"",0.5000,0.6667,1.3333,2,1,2,1,3,0,0,0,0,0.1304,7,0,false,1,"none",118:crossfields
m52-candidate-520037,119,520037,m52-advanced-continuation-v1,2,sha256:4b66f8201109c4eb54f29634b937121d8a19ffb7470a60413cf1b5536026f5ec,sha256:bc4ca74f8d70d623a1f5f27ae096adc2e8a03008bb28ddb5953c2fe1c2cb4430,7x7,6,2,6,"A+B+C+D+E+F",64,true,46,Medium,98,ACCEPT,"",0.0000,0.1667,3.5000,6,0,2,2,4,1,0,0,0,0.1566,64,4,false,1,"m52-candidate-520030+m52-candidate-520031+m52-candidate-520038+m52-candidate-520081+m52-candidate-520095+m52-candidate-520110+m52-candidate-520112+m52-candidate-520141+m52-candidate-520179+m52-candidate-520199+m52-candidate-520245+m52-candidate-520258+m52-candidate-520275+m52-candidate-520305",119:crossfields
m52-candidate-520038,120,520038,m52-mastery-v1,2,sha256:c419b1c88381da414f3decf0e7d5762851a6c64afb6b7ead72d3fcde59c39e52,sha256:a59cbb0e5b915ac8bc678f6cbc6cc527a669fde5c97d5a04de67a4f7ab5dbd2a,7x7,6,2,6,"A+B+C+D+E+F",64,true,46,Medium,98,ACCEPT,"",0.0000,0.1667,3.5000,6,0,2,2,4,1,0,0,0,0.1593,64,4,false,1,"m52-candidate-520030+m52-candidate-520031+m52-candidate-520037+m52-candidate-520081+m52-candidate-520095+m52-candidate-520110+m52-candidate-520112+m52-candidate-520141+m52-candidate-520179+m52-candidate-520199+m52-candidate-520245+m52-candidate-520258+m52-candidate-520275+m52-candidate-520305",120:crossfields
m52-candidate-520039,121,520039,m52-advanced-continuation-v1,2,sha256:a3ef22ebd4857a6553a15b63cf64b26303fd2776b3985ad18d746c29c4be3490,sha256:806ebb1b9138f078c45b0348f76025b773e7244651b0b450c44115d03dafdf74,7x7,6,2,5,"A+B+C+D+E+F",64,true,47,Medium,99,ACCEPT,"",0.0000,0.1667,3.1667,5,0,2,1,3,1,1,0,1,0.1455,48,3,false,1,"m52-candidate-520044+m52-candidate-520058+m52-candidate-520089+m52-candidate-520137+m52-candidate-520144+m52-candidate-520156+m52-candidate-520195+m52-candidate-520229+m52-candidate-520296+m52-candidate-520341",121:crossfields
m52-candidate-520044,122,520044,m52-mastery-v1,2,sha256:283299b8e429b55d8b4fcf0474f826144b8a6e5adfe71522f013a3d2847d6ca9,sha256:c10b561a3a3ae8b5049f9565a33596be15f83af08b1bce2445791d3ef81850e4,7x7,6,2,5,"A+B+C+D+E+F",64,true,49,Medium,99,ACCEPT,"",0.0000,0.1667,3.0000,5,0,2,2,4,1,0,0,0,0.1455,48,3,false,1,"m52-candidate-520039+m52-candidate-520058+m52-candidate-520089+m52-candidate-520137+m52-candidate-520144+m52-candidate-520156+m52-candidate-520195+m52-candidate-520229+m52-candidate-520296+m52-candidate-520341",122:crossfields
m52-candidate-520045,123,520045,m52-advanced-continuation-v1,2,sha256:ca4ae9acae6eb80097f34f393ede7350ba7fa38e59583b6d9e9f8f4df8044ee7,sha256:ee0595bb89a9e3547b1918215b8901f56f057c3923d8bb3e871b5734f290dd44,7x7,3,1,4,"B+A+C",2,false,60,Medium,90,ACCEPT,"",0.5000,0.6667,1.3333,2,1,2,1,3,0,0,0,0,0.1263,7,0,false,1,"none",123:crossfields
m52-candidate-520047,124,520047,m52-mastery-v1,2,sha256:3217a3919852b82de896a99a278ecaad69c3ea8336511fa8f5b4db1a869ba1e8,sha256:71bdd826a7bb663d9978b31c8ba5aa3f9457fcd118ec345b74bea36f1e9c01e9,7x7,6,2,7,"A+B+C+D+E+F",64,true,48,Medium,98,ACCEPT,"",0.0000,0.1667,3.1667,5,0,1,2,3,1,1,0,1,0.1650,48,3,false,1,"m52-candidate-520084+m52-candidate-520127+m52-candidate-520140+m52-candidate-520149+m52-candidate-520157+m52-candidate-520173+m52-candidate-520212+m52-candidate-520290",124:crossfields
m52-candidate-520049,125,520049,m52-advanced-continuation-v1,2,sha256:f6a6c863e68c63f9990a6bf785827f52f104e1b89d6b0e4f9ba369efbb6cff13,sha256:a0e08524d1239c66da146db16c060cc2765670e59ef59834a05e493c9f327e92,7x7,5,2,3,"A+B+C+D+E",60,false,37,Normal,98,ACCEPT,"",0.0000,0.2000,2.8000,4,0,1,0,1,0,0,1,0,0.1520,24,1,false,1,"m52-candidate-520082",125:crossfields
m52-candidate-520050,126,520050,m52-mastery-v1,2,sha256:3e16a0112c3a8359d5215a3361f7fb15556655c2df3e0a4b7bc9aed4ed1d5541,sha256:6574ed3ef71cfe94225ae3837620a54bc58ac809220250f9f2b8786fcba5f05b,7x7,6,2,6,"A+B+C+D+E+F",64,true,46,Medium,98,ACCEPT,"",0.0000,0.1667,3.5000,6,0,1,2,3,1,1,0,1,0.1648,64,4,false,1,"m52-candidate-520073+m52-candidate-520116+m52-candidate-520125+m52-candidate-520130+m52-candidate-520167+m52-candidate-520242+m52-candidate-520251+m52-candidate-520263+m52-candidate-520294+m52-candidate-520308",126:polarity-chains
m52-candidate-520054,127,520054,m52-advanced-continuation-v1,2,sha256:204717a195fd2047e7407769665cb2e9ba53618e2bb9e8db41f5672ba7aa4d7b,sha256:401a6c768fc9bdf458b30f17cf43cfe82597da113759c8259f000f51d3c29b0f,7x7,5,2,6,"A+B+C+D+E",60,false,37,Normal,98,ACCEPT,"",0.0000,0.2000,2.8000,4,0,1,0,1,0,0,1,0,0.1987,24,1,false,1,"m52-candidate-520087+m52-candidate-520145+m52-candidate-520163+m52-candidate-520216+m52-candidate-520217+m52-candidate-520295+m52-candidate-520334",127:polarity-chains
m52-candidate-520055,128,520055,m52-advanced-continuation-v1,2,sha256:d541e42bc7682e82056c2d2f064adf8368177fc578b19e2dac98aae7f1665c74,sha256:af40aada1f2d1e9b00f7e55ee9e13cd9d4e437eb7e9183abc4b04122b60f22b5,6x6,3,1,6,"B+A+C",2,false,61,Hard,89,ACCEPT,"",0.5000,0.6667,1.3333,2,1,2,1,3,0,0,0,0,0.1722,7,0,false,1,"m52-candidate-520321",128:polarity-chains
m52-candidate-520056,129,520056,m52-mastery-v1,2,sha256:9f725af45485dd52362ca7543d92f7d78905c095aab4a9e1091efa81bbb61f84,sha256:3b361fface6e06f51cfea67f6347b96995e57856aba03ebd6396ead4cb6043a5,7x7,6,2,3,"A+B+C+D+E+F",64,true,46,Medium,99,ACCEPT,"",0.0000,0.1667,3.5000,6,0,2,2,4,1,0,0,0,0.1122,64,2,false,1,"m52-candidate-520131+m52-candidate-520143+m52-candidate-520172",129:polarity-chains
m52-candidate-520058,130,520058,m52-advanced-continuation-v1,2,sha256:1ff5c56372c16477c64f93f8250bf47ae84a68c1cae578325c90aed0c5b4f32d,sha256:822f53669446c09719bfb74fecef98e8afe8349c443fff0359519b8b438832e5,7x7,6,2,5,"A+B+C+D+E+F",64,true,49,Medium,99,ACCEPT,"",0.0000,0.1667,3.0000,5,0,2,2,4,1,0,0,0,0.1455,48,2,false,1,"m52-candidate-520039+m52-candidate-520044+m52-candidate-520089+m52-candidate-520137+m52-candidate-520144+m52-candidate-520156+m52-candidate-520195+m52-candidate-520229+m52-candidate-520296+m52-candidate-520341",130:polarity-chains
m52-candidate-520059,131,520059,m52-mastery-v1,2,sha256:0f0b08c9b4f48c177673b0a964557ebaf0ec016acd7c929525918b99d28aa0d7,sha256:89cd65d2020535d43292c79bdf744c430931a0582445b345308f20ea0c40fb6f,7x7,6,2,8,"A+B+C+D+E+F",64,true,46,Medium,98,ACCEPT,"",0.0000,0.1667,3.5000,6,0,1,2,3,1,1,0,1,0.1799,64,4,false,1,"m52-candidate-520086+m52-candidate-520122+m52-candidate-520128+m52-candidate-520329+m52-candidate-520347",131:polarity-chains
m52-candidate-520060,132,520060,m52-advanced-continuation-v1,2,sha256:f57b2a53701fb365ea89917e5f9fa2557007df07f42ee6aa2d320918fe125da1,sha256:d1d93d3208bf6fcfe4d7329b1393d3eed809ee0cb6d152d063b7bed1a5ad365d,7x7,3,1,4,"B+A+C",2,false,60,Medium,90,ACCEPT,"",0.5000,0.6667,1.3333,2,1,2,1,3,0,0,0,0,0.1173,7,0,false,1,"m52-candidate-520276",132:polarity-chains
m52-candidate-520061,133,520061,m52-advanced-continuation-v1,2,sha256:c068bb5524619e97b60bf3c97589d7071469a3c9c1cdb8381def190bad7be3b1,sha256:b2e8cf213175e7cdf7dc9799cae8958fb33a938db79caebf7c61013f0d3b2f0f,6x6,3,1,7,"B+A+C",2,false,61,Hard,89,ACCEPT,"",0.5000,0.6667,1.3333,2,1,2,1,3,0,0,0,0,0.1801,7,0,false,1,"none",133:polarity-chains
m52-candidate-520062,134,520062,m52-mastery-v1,2,sha256:031e987a2b99d2bf5cafb409583857efa8bdcca0dcde0e17d5459300a66ddc5f,sha256:96cad7304123a53fbb819a4b111d7a83d5d5859a0dae9bf1315e5e75df9aff90,7x7,6,2,4,"A+B+C+D+E+F",64,true,46,Medium,99,ACCEPT,"",0.0000,0.1667,3.5000,6,0,2,2,4,1,0,0,0,0.1376,64,2,false,2,"m52-candidate-520014+m52-candidate-520024+m52-candidate-520026+m52-candidate-520083+m52-candidate-520103+m52-candidate-520152+m52-candidate-520200+m52-candidate-520211+m52-candidate-520257+m52-candidate-520272+m52-candidate-520328+m52-candidate-520338",134:polarity-chains
m52-candidate-520063,135,520063,m52-advanced-continuation-v1,2,sha256:a62e9e7b4e5b21bdd9b9d12692b932ce98fd7bcfa7f2cf27c4f0aa1eebe304af,sha256:44e84b6061d0987aacda1f8e5a2a8c279d9fb41550422b8af38f7c520917b8d5,7x7,6,2,5,"A+B+C+D+E+F",64,true,46,Medium,99,ACCEPT,"",0.0000,0.1667,3.5000,6,0,2,2,4,1,0,0,0,0.1455,64,2,false,1,"m52-candidate-520017+m52-candidate-520035+m52-candidate-520065+m52-candidate-520101+m52-candidate-520265+m52-candidate-520344",135:polarity-chains
m52-candidate-520065,136,520065,m52-mastery-v1,2,sha256:4fc860aaa26fc20ad9ae895fe9daf570578e8433833a1e74cc60608dbea7317f,sha256:c5b44a728fbb7bdd43b7c6a5559862e69389502d43c90c18a5e77d274c212e8f,7x7,6,2,5,"A+B+C+D+E+F",64,true,46,Medium,99,ACCEPT,"",0.0000,0.1667,3.5000,6,0,2,2,4,1,0,0,0,0.1455,64,2,false,1,"m52-candidate-520017+m52-candidate-520035+m52-candidate-520063+m52-candidate-520101+m52-candidate-520265+m52-candidate-520344",136:polarity-chains
m52-candidate-520066,137,520066,m52-advanced-continuation-v1,2,sha256:937581c3328ecae33bede5ccb96c684d49159615422ad5142dc6116a01c31ad1,sha256:472a9498e6a574dba04668fe40e0c00619b84e71bcad80c51eaf099e68b323dd,7x7,4,1,4,"A+B+C+D",4,false,67,Hard,88,ACCEPT,"",0.6000,0.5000,1.5000,2,2,2,2,4,0,0,0,0,0.1057,15,0,false,1,"m52-candidate-520018+m52-candidate-520075",137:polarity-chains
m52-candidate-520067,138,520067,m52-advanced-continuation-v1,2,sha256:ab68018bc3a432d34aa4b7ced75e41eb2b33998079e8906b299b74162de4ee18,sha256:f7dad05a307c43bfa7b8c7f6b72a2afda6514ca5ddbe544140916f7ab66c7cdd,7x7,3,1,4,"B+A+C",2,false,60,Medium,90,ACCEPT,"",0.5000,0.6667,1.3333,2,1,2,1,3,0,0,0,0,0.1173,7,0,false,1,"none",138:polarity-chains
m52-candidate-520068,139,520068,m52-mastery-v1,2,sha256:cf4bfc0cd356d71bb3b2d66ddc43ca954551a12387305c487380c06990b210cd,sha256:0f8a229cf120e6010483f7bd0c68cfa5664b8480839c55f7e8766ee714ebf8c4,7x7,6,2,7,"A+B+C+D+E+F",64,true,46,Medium,98,ACCEPT,"",0.0000,0.1667,3.5000,6,0,2,2,4,1,0,0,0,0.1673,64,2,false,2,"m52-candidate-520114+m52-candidate-520155+m52-candidate-520166+m52-candidate-520176+m52-candidate-520196+m52-candidate-520221+m52-candidate-520233+m52-candidate-520241+m52-candidate-520323+m52-candidate-520332",139:polarity-chains
m52-candidate-520070,140,520070,m52-advanced-continuation-v1,2,sha256:3cab3c643236e9faecb689e86339139d6e0b08620606fb98b1c1fb598720d646,sha256:e59f3bf5e4b560e72d02dc925c61b68c520419a3f30d85efa414167a1654a34f,7x7,6,2,5,"A+B+C+D+E+F",64,true,46,Medium,99,ACCEPT,"",0.0000,0.1667,3.5000,6,0,2,2,4,1,0,0,0,0.1487,64,2,false,1,"m52-candidate-520108+m52-candidate-520109+m52-candidate-520146+m52-candidate-520161+m52-candidate-520164+m52-candidate-520224+m52-candidate-520236+m52-candidate-520287+m52-candidate-520303",140:polarity-chains
m52-candidate-520073,141,520073,m52-advanced-continuation-v1,2,sha256:a469757e492494d46fe64f9cc690bde2ad6171e56700980054d32ae1c1a1df0c,sha256:6dffb7f8abdbe7b6899354a15ea015624f2609ee8cd84396d15887539492d8f1,7x7,6,2,6,"A+B+C+D+E+F",64,true,46,Medium,98,ACCEPT,"",0.0000,0.1667,3.5000,6,0,2,2,4,1,0,0,0,0.1593,64,2,false,1,"m52-candidate-520050+m52-candidate-520116+m52-candidate-520125+m52-candidate-520130+m52-candidate-520167+m52-candidate-520242+m52-candidate-520251+m52-candidate-520263+m52-candidate-520294+m52-candidate-520308",141:mastery-set
m52-candidate-520074,142,520074,m52-mastery-v1,2,sha256:4a886263b884d09e57d69073922005ac53264d5d352872a7e522746f1dc415d0,sha256:89bb4a66178092f6a981047d619f837cef9ef4a23491b9d2d23ef8019e34edba,7x7,6,2,4,"A+B+C+D+E+F",64,true,49,Medium,99,ACCEPT,"",0.0000,0.1667,3.0000,5,0,2,2,4,1,0,0,0,0.1376,48,1,false,1,"m52-candidate-520005+m52-candidate-520077+m52-candidate-520105+m52-candidate-520119+m52-candidate-520185+m52-candidate-520206+m52-candidate-520235+m52-candidate-520311",142:mastery-set
m52-candidate-520075,143,520075,m52-advanced-continuation-v1,2,sha256:25422a7fcba13b27ec1afe27edd50c9e6b36900d7b6bf7f6c555ca5a9d3ad680,sha256:fc6276f208e9de7421196ac210afd6b109c5d7a74707e443de2f0bb2f7a2122d,7x7,4,1,4,"A+B+C+D",4,false,67,Hard,88,ACCEPT,"",0.6000,0.5000,1.5000,2,2,2,2,4,0,0,0,0,0.1057,15,0,false,1,"m52-candidate-520018+m52-candidate-520066",143:mastery-set
m52-candidate-520076,144,520076,m52-advanced-continuation-v1,2,sha256:e93b1301d5e557aac538799ed4448ef3cb519fba96ba05b69b48ea84eb562898,sha256:1cb414e6802beac6cb390f27a908bc39e1105ae7fcf53e849af5fa7536019f40,6x6,3,1,5,"B+A+C",2,false,60,Medium,89,ACCEPT,"",0.5000,0.6667,1.3333,2,1,2,1,3,0,0,0,0,0.1528,7,0,false,1,"m52-candidate-520162",144:mastery-set
m52-candidate-520077,145,520077,m52-mastery-v1,2,sha256:81ff1d887ae74392f15144f86b3ba1904894bd1072e1e447fc3b17aaaaeaa4d4,sha256:8d6ef41df72f2d2ddb27353bec84577e936e84ca527df6c67cd304486c0797ea,7x7,6,2,4,"A+B+C+D+E+F",64,true,49,Medium,99,ACCEPT,"",0.0000,0.1667,3.0000,5,0,2,2,4,1,0,0,0,0.1376,48,1,false,1,"m52-candidate-520005+m52-candidate-520074+m52-candidate-520105+m52-candidate-520119+m52-candidate-520185+m52-candidate-520206+m52-candidate-520235+m52-candidate-520311",145:mastery-set
m52-candidate-520080,146,520080,m52-mastery-v1,2,sha256:a59736dde62d091ef4e9900c72d240f4756b3a8bdc387bd8ea54b555cacb6b8a,sha256:970c3842c79b6371e6599d7545c12fc5eb69be0a56ce0ecf3ab92df145192311,7x7,6,2,3,"A+B+C+D+E+F",64,true,45,Normal,99,ACCEPT,"",0.0000,0.1667,3.5000,6,0,1,2,3,1,1,0,1,0.1350,64,2,false,2,"m52-candidate-520023+m52-candidate-520092+m52-candidate-520113+m52-candidate-520260+m52-candidate-520289",146:mastery-set
m52-candidate-520081,147,520081,m52-advanced-continuation-v1,2,sha256:9d5a07d2051687e2bff0ced514a0f0d4120fbb7567018ead1fd30f90bd5f1784,sha256:fcf4bd11a8a30ffa52c2a53659085de033598b65381552fe7721d8f053584cf4,7x7,6,2,6,"A+B+C+D+E+F",64,true,46,Medium,98,ACCEPT,"",0.0000,0.1667,3.5000,6,0,2,2,4,1,0,0,0,0.1538,64,2,false,1,"m52-candidate-520030+m52-candidate-520031+m52-candidate-520037+m52-candidate-520038+m52-candidate-520095+m52-candidate-520110+m52-candidate-520112+m52-candidate-520141+m52-candidate-520179+m52-candidate-520199+m52-candidate-520245+m52-candidate-520258+m52-candidate-520275+m52-candidate-520305",147:mastery-set
m52-candidate-520082,148,520082,m52-advanced-continuation-v1,2,sha256:3cfba5b03b0bd3b2ce1d3ebb72c3cca65dacd1836672db06e14214a46d209445,sha256:41e9945a5e5424fcebb125477cd432fa17743208e9e98320b714adf968a7eb8a,7x7,5,2,3,"A+B+C+D+E",60,false,37,Normal,98,ACCEPT,"",0.0000,0.2000,2.8000,4,0,1,0,1,0,0,1,0,0.1576,24,0,false,1,"m52-candidate-520049",148:mastery-set
m52-candidate-520083,149,520083,m52-mastery-v1,2,sha256:a9296056158870cde2019f1f3aa7807b166a97d0dce380bafe79c2b9bb369e5c,sha256:61197bc4152df69d6caeac9fc1b793035336034bd4c556ecad7d78adb1265d19,7x7,6,2,4,"A+B+C+D+E+F",64,true,46,Medium,99,ACCEPT,"",0.0000,0.1667,3.5000,6,0,2,2,4,1,0,0,0,0.1414,64,2,false,1,"m52-candidate-520014+m52-candidate-520024+m52-candidate-520026+m52-candidate-520062+m52-candidate-520103+m52-candidate-520152+m52-candidate-520200+m52-candidate-520211+m52-candidate-520257+m52-candidate-520272+m52-candidate-520328+m52-candidate-520338",149:mastery-set
m52-candidate-520084,150,520084,m52-advanced-continuation-v1,2,sha256:368acdece5bd8e9a14dbc7f0441899053a6c742caf6434312f2378a72c275eed,sha256:fb096063c6e1e7ec33c7ba92b3b85c14e6bb30306784447c0a6f4b7f5be3481c,7x7,6,2,7,"A+B+C+D+E+F",64,true,48,Medium,98,ACCEPT,"",0.0000,0.1667,3.3333,5,0,2,2,4,1,0,0,0,0.1650,48,1,false,1,"m52-candidate-520047+m52-candidate-520127+m52-candidate-520140+m52-candidate-520149+m52-candidate-520157+m52-candidate-520173+m52-candidate-520212+m52-candidate-520290",150:mastery-set
m52-candidate-520086,101,520086,m52-mastery-v1,2,sha256:a1b36a4205db832ad98a3cc0e20e51b2c601bf9c1a5b680f7151408982eba34f,sha256:1abf04ce319dfa50eef4824f9270248404c581de79712c2358a8c41359bd3bb1,7x7,6,2,8,"A+B+C+D+E+F",64,true,49,Medium,98,ACCEPT,"",0.0000,0.1667,3.0000,5,0,2,2,4,1,0,0,0,0.1778,48,1,false,1,"m52-candidate-520059+m52-candidate-520122+m52-candidate-520128+m52-candidate-520329+m52-candidate-520347",101:reorientation
m52-candidate-520087,102,520087,m52-advanced-continuation-v1,2,sha256:f5d73f497316eff7b805486c75031588c5b72c8e835edfbee74e2db12f235a8e,sha256:374b25706c57c753164993952254730296ab637a2090811f104f0910b53d6f7d,7x7,5,2,6,"A+B+C+D+E",60,false,37,Normal,98,ACCEPT,"",0.0000,0.2000,2.8000,4,0,1,0,1,0,0,1,0,0.1891,24,0,false,1,"m52-candidate-520054+m52-candidate-520145+m52-candidate-520163+m52-candidate-520216+m52-candidate-520217+m52-candidate-520295+m52-candidate-520334",102:reorientation
m52-candidate-520088,103,520088,m52-advanced-continuation-v1,2,sha256:fe3a20d07038c5d9990074e94154ce8cbdf386332053e59137031f787e927cbc,sha256:a1436b746c9c31cf6c06d79f89e5b5503b589fe1f710b80204fd0f8bb2e2d3ab,7x7,3,1,7,"B+A+C",2,false,60,Medium,90,ACCEPT,"",0.5000,0.6667,1.3333,2,1,2,1,3,0,0,0,0,0.1486,7,0,false,1,"m52-candidate-520256",103:reorientation
m52-candidate-520089,104,520089,m52-mastery-v1,2,sha256:fda4fa8a7d5eea093c98c6595317fad8b6554cc31ab12b15a44ce52413f5bd09,sha256:b62ca0a84831e8357a5b87a8389ad6592af4c6c6bb6106314f1402c1731daa66,7x7,6,2,5,"A+B+C+D+E+F",64,true,46,Medium,99,ACCEPT,"",0.0000,0.1667,3.5000,6,0,1,2,3,1,1,0,1,0.1455,64,2,false,3,"m52-candidate-520039+m52-candidate-520044+m52-candidate-520058+m52-candidate-520137+m52-candidate-520144+m52-candidate-520156+m52-candidate-520195+m52-candidate-520229+m52-candidate-520296+m52-candidate-520341",104:reorientation
m52-candidate-520090,105,520090,m52-advanced-continuation-v1,2,sha256:5cad8367a83bbd3694f96a0191695ec2bb3fcb48a1ee41f5ba27a77a65b30d5d,sha256:2a899f5f2fd3ba9a30ab47aae42de29c6a5d39088ecfbb718c3276006c5c7807,7x7,3,1,6,"B+A+C",2,false,60,Medium,90,ACCEPT,"",0.5000,0.6667,1.3333,2,1,2,1,3,0,0,0,0,0.1354,7,0,false,1,"none",105:reorientation
m52-candidate-520092,106,520092,m52-mastery-v1,2,sha256:d64e137fac93d138c51ee838ce80a47b04ae9ae1516fd784b3bd3fce9f65c30a,sha256:50daf61212d7a868f22e7e37091a4a112204a7f9544f2d7e6499f7e106f3a3ec,7x7,6,2,3,"A+B+C+D+E+F",64,true,46,Medium,99,ACCEPT,"",0.0000,0.1667,3.5000,6,0,2,2,4,1,0,0,0,0.1213,64,1,false,1,"m52-candidate-520023+m52-candidate-520080+m52-candidate-520113+m52-candidate-520260+m52-candidate-520289",106:reorientation
m52-candidate-520095,107,520095,m52-mastery-v1,2,sha256:2ee18b7ed64647c7bfe4ab220b90bb2a4ec788efcfd5992a01cd55ab1726e7f2,sha256:a95d4a0399d96b5b03b5050e246cc34a7275201efabb832c8fb40b431830ce79,7x7,6,2,6,"A+B+C+D+E+F",64,true,46,Medium,98,ACCEPT,"",0.0000,0.1667,3.5000,6,0,2,2,4,1,0,0,0,0.1566,64,2,false,1,"m52-candidate-520030+m52-candidate-520031+m52-candidate-520037+m52-candidate-520038+m52-candidate-520081+m52-candidate-520110+m52-candidate-520112+m52-candidate-520141+m52-candidate-520179+m52-candidate-520199+m52-candidate-520245+m52-candidate-520258+m52-candidate-520275+m52-candidate-520305",107:reorientation
m52-candidate-520099,108,520099,m52-advanced-continuation-v1,2,sha256:d748230858979077d5e90c1432af8adfe39b3c6ec9cbf7c1ba8ef5a82632f583,sha256:28d7464c4a0f14a133a102e93f0a3edffbe1e6a0e9ea4943e59edfe57ab71d2f,7x7,6,2,4,"A+B+C+D+E+F",64,true,46,Medium,99,ACCEPT,"",0.0000,0.1667,3.5000,6,0,2,2,4,1,0,0,0,0.1338,64,1,false,1,"m52-candidate-520194+m52-candidate-520317",108:reorientation
m52-candidate-520100,109,520100,m52-advanced-continuation-v1,2,sha256:a03854b139a054dff2236e56cb42c38e5b2beee2817c13b8cbfca3a32104a739,sha256:502c33c1506c5deca2c62e6ea436a81794434023572f0d89fa0e792ab27b2d7c,7x7,3,1,6,"B+A+C",2,false,60,Medium,90,ACCEPT,"",0.5000,0.6667,1.3333,2,1,2,1,3,0,0,0,0,0.1243,7,0,false,1,"none",109:reorientation
m52-candidate-520101,110,520101,m52-mastery-v1,2,sha256:57f656269a8ac51617f71dfe24ace8e5413913b17de96bd6b448726cbfc849d5,sha256:a13122eabe69512a44aa3ccfe4c902dbf3f586799070b2db158299127179892f,7x7,6,2,5,"A+B+C+D+E+F",64,true,46,Medium,99,ACCEPT,"",0.0000,0.1667,3.5000,6,0,2,2,4,1,0,0,0,0.1423,64,1,false,1,"m52-candidate-520017+m52-candidate-520035+m52-candidate-520063+m52-candidate-520065+m52-candidate-520265+m52-candidate-520344",110:reorientation
m52-candidate-520103,111,520103,m52-advanced-continuation-v1,2,sha256:73ee095261e505c066768943ddc7b558c2a5d927e00cf004964feca5ec06ff5a,sha256:ee8014550e93d408cbb97d9c0977c87b9791d57e6ff51cf197afbfd03021c3c2,7x7,6,2,4,"A+B+C+D+E+F",64,true,46,Medium,99,ACCEPT,"",0.0000,0.1667,3.5000,6,0,2,2,4,1,0,0,0,0.1338,64,1,false,1,"m52-candidate-520014+m52-candidate-520024+m52-candidate-520026+m52-candidate-520062+m52-candidate-520083+m52-candidate-520152+m52-candidate-520200+m52-candidate-520211+m52-candidate-520257+m52-candidate-520272+m52-candidate-520328+m52-candidate-520338",111:crossfields
m52-candidate-520105,112,520105,m52-advanced-continuation-v1,2,sha256:6d1f8516bfd881f9b8c793b8bc656b3db9649893c3cb0eab571d153c9c0f701a,sha256:263506de5139097d81cab287af2f0f8ead6953f21852bda3af847e0c5113d97f,7x7,6,2,4,"A+B+C+D+E+F",64,true,46,Medium,99,ACCEPT,"",0.0000,0.1667,3.5000,6,0,2,2,4,1,0,0,0,0.1338,64,1,false,1,"m52-candidate-520005+m52-candidate-520074+m52-candidate-520077+m52-candidate-520119+m52-candidate-520185+m52-candidate-520206+m52-candidate-520235+m52-candidate-520311",112:crossfields
m52-candidate-520108,113,520108,m52-advanced-continuation-v1,2,sha256:e8665dfc3365feff37f02bd63d40caa9c21c503ebc9c3e9e91acb12bbcb63667,sha256:05b247706544f01c971cab79dc427462dd34e5df2e8af0f849cbd909ffce8bd6,7x7,6,2,5,"A+B+C+D+E+F",64,true,46,Medium,99,ACCEPT,"",0.0000,0.1667,3.5000,6,0,2,2,4,1,0,0,0,0.1423,64,3,false,1,"m52-candidate-520070+m52-candidate-520109+m52-candidate-520146+m52-candidate-520161+m52-candidate-520164+m52-candidate-520224+m52-candidate-520236+m52-candidate-520287+m52-candidate-520303",113:crossfields
m52-candidate-520109,114,520109,m52-advanced-continuation-v1,2,sha256:520633f4c3e693dbf758e25b6348d3047bb0f2f3a13c22d0e85c4f09518fb941,sha256:ac30c2abe4d91c39882f0042dc8ff931948605c75ba2c97d61ff6ecd0622d706,7x7,6,2,5,"A+B+C+D+E+F",64,true,46,Medium,99,ACCEPT,"",0.0000,0.1667,3.5000,6,0,2,2,4,1,0,0,0,0.1455,64,1,false,1,"m52-candidate-520070+m52-candidate-520108+m52-candidate-520146+m52-candidate-520161+m52-candidate-520164+m52-candidate-520224+m52-candidate-520236+m52-candidate-520287+m52-candidate-520303",114:crossfields
m52-candidate-520110,115,520110,m52-mastery-v1,2,sha256:3355e00af5830921d4b7fd687986d8fe9177538fdc6ece9d363df2305f4eac79,sha256:54695c2f465e3b82eee91dd4ea9b2daa5e77922757bdd4a83ba367724d69e180,7x7,6,2,6,"A+B+C+D+E+F",64,true,46,Medium,98,ACCEPT,"",0.0000,0.1667,3.5000,6,0,2,2,4,1,0,0,0,0.1593,64,1,false,1,"m52-candidate-520030+m52-candidate-520031+m52-candidate-520037+m52-candidate-520038+m52-candidate-520081+m52-candidate-520095+m52-candidate-520112+m52-candidate-520141+m52-candidate-520179+m52-candidate-520199+m52-candidate-520245+m52-candidate-520258+m52-candidate-520275+m52-candidate-520305",115:crossfields
m52-candidate-520112,116,520112,m52-advanced-continuation-v1,2,sha256:8707e271bbb3ce4cbe36aea9f6fbf78ef90b9df53cea04d77583cf4e2978c2ad,sha256:b30a30fa26cf78adbc096390d17c6e4d7c7cb48c77a8323df6a1018fad8a079c,7x7,6,2,6,"A+B+C+D+E+F",64,true,46,Medium,98,ACCEPT,"",0.0000,0.1667,3.5000,6,0,2,2,4,1,0,0,0,0.1593,64,1,false,1,"m52-candidate-520030+m52-candidate-520031+m52-candidate-520037+m52-candidate-520038+m52-candidate-520081+m52-candidate-520095+m52-candidate-520110+m52-candidate-520141+m52-candidate-520179+m52-candidate-520199+m52-candidate-520245+m52-candidate-520258+m52-candidate-520275+m52-candidate-520305",116:crossfields
m52-candidate-520113,117,520113,m52-mastery-v1,2,sha256:6940d9eac5049e09dd5ff261ae7ba2ab95679acc9b52d8f4d315eada25ebedfd,sha256:969d4f7bbaa331d24cb40d581409131fe385e5d8af565f6ab9fcaa2c9ea6d6f4,7x7,6,2,3,"A+B+C+D+E+F",64,true,46,Medium,99,ACCEPT,"",0.0000,0.1667,3.5000,6,0,2,2,4,1,0,0,0,0.1213,64,1,false,1,"m52-candidate-520023+m52-candidate-520080+m52-candidate-520092+m52-candidate-520260+m52-candidate-520289",117:crossfields
m52-candidate-520114,118,520114,m52-advanced-continuation-v1,2,sha256:bc5ce32a1bbc1d04e558e72e2e24bbae680aa2adc40fd1ab8c1c91aadfe71165,sha256:62632994d072cee6ca74c25224a61c8d72996802f6c656d1f2841fc854f4e80b,7x7,6,2,7,"A+B+C+D+E+F",64,true,46,Medium,98,ACCEPT,"",0.0000,0.1667,3.5000,6,0,2,2,4,1,0,0,0,0.1650,64,1,false,1,"m52-candidate-520068+m52-candidate-520155+m52-candidate-520166+m52-candidate-520176+m52-candidate-520196+m52-candidate-520221+m52-candidate-520233+m52-candidate-520241+m52-candidate-520323+m52-candidate-520332",118:crossfields
m52-candidate-520116,119,520116,m52-mastery-v1,2,sha256:35b7b1dd6dcc01a6f5c061807f9654dec2e1776d559e7d015af9a81bc6998bf8,sha256:3a3270b16f89c7dec3fa277a4891c345051b234ed1ce9bca65adda9b45cee995,7x7,6,2,6,"A+B+C+D+E+F",64,true,46,Medium,98,ACCEPT,"",0.0000,0.1667,3.5000,6,0,2,2,4,1,0,0,0,0.1593,64,1,false,2,"m52-candidate-520050+m52-candidate-520073+m52-candidate-520125+m52-candidate-520130+m52-candidate-520167+m52-candidate-520242+m52-candidate-520251+m52-candidate-520263+m52-candidate-520294+m52-candidate-520308",119:crossfields
m52-candidate-520118,120,520118,m52-advanced-continuation-v1,2,sha256:8ef34889ca32d340ffc3b55a1a80159b4e0506520f74ffcdfe74ea4bbde88c7f,sha256:d51c982c1b68533d6bf34282c5bcf401361d096ee5802b5820c850c44925e852,6x6,3,1,7,"B+A+C",2,false,61,Hard,89,ACCEPT,"",0.5000,0.6667,1.3333,2,1,2,1,3,0,0,0,0,0.1891,7,0,false,1,"m52-candidate-520147",120:crossfields
m52-candidate-520119,121,520119,m52-mastery-v1,2,sha256:52b8c74b3f3c76a6b15e33344f248e38ae9e207bf0cf9539c161430dad9f3e8a,sha256:4e117747e3e29ede3051597b28d939da038a90dece2c3f2e801e678b189deddd,7x7,6,2,4,"A+B+C+D+E+F",64,true,46,Medium,99,ACCEPT,"",0.0000,0.1667,3.5000,6,0,2,2,4,1,0,0,0,0.1224,64,1,false,1,"m52-candidate-520005+m52-candidate-520074+m52-candidate-520077+m52-candidate-520105+m52-candidate-520185+m52-candidate-520206+m52-candidate-520235+m52-candidate-520311",121:crossfields
m52-candidate-520122,122,520122,m52-mastery-v1,2,sha256:81d9327457dfc40dfa89ef74b5ad7c0e51d083ccf9edbb75013718a119832514,sha256:84719eb233d2e52f1f96c5bbf0806003a4b31b6c24889f1fb730eb553b4a6fb9,7x7,6,2,8,"A+B+C+D+E+F",64,true,46,Medium,98,ACCEPT,"",0.0000,0.1667,3.5000,6,0,1,2,3,1,1,0,1,0.1820,64,1,false,1,"m52-candidate-520059+m52-candidate-520086+m52-candidate-520128+m52-candidate-520329+m52-candidate-520347",122:crossfields
m52-candidate-520125,123,520125,m52-mastery-v1,2,sha256:3ff5b2053bc84fb4dde4c2f05052dcd54981d7f58f1282373df163f24eb217a7,sha256:f74ffcb7546c75770e1aaa39350ed9d275ba2c2d8a52bf2f1d3c7a5d72b5d9cd,7x7,6,2,6,"A+B+C+D+E+F",64,true,46,Medium,98,ACCEPT,"",0.0000,0.1667,3.5000,6,0,2,2,4,1,0,0,0,0.1538,64,1,false,1,"m52-candidate-520050+m52-candidate-520073+m52-candidate-520116+m52-candidate-520130+m52-candidate-520167+m52-candidate-520242+m52-candidate-520251+m52-candidate-520263+m52-candidate-520294+m52-candidate-520308",123:crossfields
m52-candidate-520127,124,520127,m52-advanced-continuation-v1,2,sha256:19e2c48615e03fd1bb5b3386324e1066f3c86b17081d02bec7311829c7ad42a1,sha256:ccfa8a140868176d8bee0d7773016f9d10456a74d3974334e5ce8fd4a9b3c28f,7x7,6,2,7,"A+B+C+D+E+F",64,true,71,Hard,95,ACCEPT,"",0.2000,0.1667,3.0000,5,3,2,2,4,1,0,0,0,0.1673,64,1,false,1,"m52-candidate-520047+m52-candidate-520084+m52-candidate-520140+m52-candidate-520149+m52-candidate-520157+m52-candidate-520173+m52-candidate-520212+m52-candidate-520290",124:crossfields
m52-candidate-520128,125,520128,m52-mastery-v1,2,sha256:562df2df216e0b8982c18093c82afab35e4afbac680defcb1b50cb01fa6c8c6d,sha256:5567abe17627caa0a87add1dfdcf72b76197f871cc0ff12027014e156df7922f,7x7,6,2,8,"A+B+C+D+E+F",64,true,49,Medium,98,ACCEPT,"",0.0000,0.1667,3.0000,5,0,2,2,4,1,0,0,0,0.1737,48,1,false,1,"m52-candidate-520059+m52-candidate-520086+m52-candidate-520122+m52-candidate-520329+m52-candidate-520347",125:crossfields
m52-candidate-520130,126,520130,m52-advanced-continuation-v1,2,sha256:9a1bb85b6c28fd8db87781e31c5bda0cf11b79fd835d7d304dff23f46f28a499,sha256:22eb70288957c0ad95c4c84eb254f81161917213ab310c0c7164aa92422db595,7x7,6,2,6,"A+B+C+D+E+F",64,true,46,Medium,98,ACCEPT,"",0.0000,0.1667,3.5000,6,0,2,2,4,1,0,0,0,0.1566,64,1,false,1,"m52-candidate-520050+m52-candidate-520073+m52-candidate-520116+m52-candidate-520125+m52-candidate-520167+m52-candidate-520242+m52-candidate-520251+m52-candidate-520263+m52-candidate-520294+m52-candidate-520308",126:polarity-chains
m52-candidate-520131,127,520131,m52-mastery-v1,2,sha256:4496f5cdb5b721187b9dad1f7b0abd4c39bcf446e12efcfb308a4f9988f4d9fb,sha256:6e59da4b8c0ef35895c22d35a80f7d50496a2bcfae64e926656f1e9efcfcbb68,7x7,6,2,3,"A+B+C+D+E+F",64,true,47,Medium,99,ACCEPT,"",0.0000,0.1667,3.3333,5,0,2,2,4,1,0,0,0,0.1304,48,1,false,1,"m52-candidate-520056+m52-candidate-520143+m52-candidate-520172",127:polarity-chains
m52-candidate-520133,128,520133,m52-advanced-continuation-v1,2,sha256:1317b9be246ed4ea24cf362b81cda9ef305c508e5c7044c3af6ee36bd9886ed6,sha256:a1bc209c7c5e2afc6f417b03df50d43f763ee4709ec9036b0a8fd963f80f101c,6x6,3,1,5,"B+A+C",2,false,60,Medium,89,ACCEPT,"",0.5000,0.6667,1.3333,2,1,2,1,3,0,0,0,0,0.1667,7,0,false,1,"m52-candidate-520207",128:polarity-chains
m52-candidate-520135,129,520135,m52-advanced-continuation-v1,2,sha256:10a5f0c886dbb017088e1c693a54ae72183f003baa54a2fb0a05e16cf60ed008,sha256:0d07e56e7fddd6d4e4887501591f6bcc9cefbdecb0078c3e431227e3e7b25875,7x7,6,2,2,"A+B+C+D+E+F",64,true,46,Medium,99,ACCEPT,"",0.0000,0.1667,3.5000,6,0,2,2,4,1,0,0,0,0.1076,64,1,false,1,"m52-candidate-520282",129:polarity-chains
m52-candidate-520137,130,520137,m52-mastery-v1,2,sha256:25a1d46433a9da6d2bb98265a4f1a4ff760f572c473b7bc7121a1c52d8564981,sha256:fdcb4ab6dc35cbba3f06017a394c30012fe8c490cebed05c0120479c2a8a9e56,7x7,6,2,5,"A+B+C+D+E+F",64,true,49,Medium,99,ACCEPT,"",0.0000,0.1667,3.0000,5,0,2,2,4,1,0,0,0,0.1423,48,1,false,1,"m52-candidate-520039+m52-candidate-520044+m52-candidate-520058+m52-candidate-520089+m52-candidate-520144+m52-candidate-520156+m52-candidate-520195+m52-candidate-520229+m52-candidate-520296+m52-candidate-520341",130:polarity-chains
m52-candidate-520138,131,520138,m52-advanced-continuation-v1,2,sha256:420d1508fc01b67bae7cdeb472bd4b57d6b216f3a8b040277e44d7a3eec51f88,sha256:c0ea357513545d6a2439bb15d9326aaf4e3df16c1c43dacf34ae5ab9443a1bdf,7x7,4,1,5,"A+B+C+D",4,false,67,Hard,88,ACCEPT,"",0.6000,0.5000,1.5000,2,2,2,2,4,0,0,0,0,0.1132,15,0,false,1,"m52-candidate-520153+m52-candidate-520270",131:polarity-chains
m52-candidate-520140,132,520140,m52-mastery-v1,2,sha256:e1867b66b1d0d8b6ee98f5326acbb46fd482fd38e27516c083146392a3940cf6,sha256:387038e17f05ae0d4ee4363a010f288a2ed12dcf5f8ec89331e6c8ddc3fdc891,7x7,6,2,7,"A+B+C+D+E+F",64,true,49,Medium,98,ACCEPT,"",0.0000,0.1667,3.0000,5,0,2,2,4,1,0,0,0,0.1650,48,1,false,1,"m52-candidate-520047+m52-candidate-520084+m52-candidate-520127+m52-candidate-520149+m52-candidate-520157+m52-candidate-520173+m52-candidate-520212+m52-candidate-520290",132:polarity-chains
m52-candidate-520141,133,520141,m52-advanced-continuation-v1,2,sha256:d17cbcb3c3f690a3d33bc1151c589470169b8c6963915945d0f46504c4a07335,sha256:6852d28102c64efd519d9001f72af9efbcf09ef60b64de7246b46356929f1bc5,7x7,6,2,6,"A+B+C+D+E+F",64,true,46,Medium,98,ACCEPT,"",0.0000,0.1667,3.5000,6,0,2,2,4,1,0,0,0,0.1538,64,1,false,1,"m52-candidate-520030+m52-candidate-520031+m52-candidate-520037+m52-candidate-520038+m52-candidate-520081+m52-candidate-520095+m52-candidate-520110+m52-candidate-520112+m52-candidate-520179+m52-candidate-520199+m52-candidate-520245+m52-candidate-520258+m52-candidate-520275+m52-candidate-520305",133:polarity-chains
m52-candidate-520143,134,520143,m52-mastery-v1,2,sha256:23b405e808140fb152cb2af72fde196f55d8f8272d35e1b4eb473e8f592d3d13,sha256:c6c87deb7abcd8e73b740e138e3b622faa6fe4c424774a2d4f633c7fc98b82e7,7x7,6,2,3,"A+B+C+D+E+F",64,true,46,Medium,99,ACCEPT,"",0.0000,0.1667,3.5000,6,0,2,2,4,1,0,0,0,0.1168,64,1,false,2,"m52-candidate-520056+m52-candidate-520131+m52-candidate-520172",134:polarity-chains
m52-candidate-520144,135,520144,m52-advanced-continuation-v1,2,sha256:c1a22886aabe9daa610ea228b404e2d8cd435c4cd81d511e7521f9ce8aa1bb31,sha256:9fb67e3a2f319d3a41b40e0b311e56d672564a9640d6299f79619baec5fc9dd0,7x7,6,2,5,"A+B+C+D+E+F",64,true,49,Medium,99,ACCEPT,"",0.0000,0.1667,3.0000,5,0,2,2,4,1,0,0,0,0.1487,48,1,false,1,"m52-candidate-520039+m52-candidate-520044+m52-candidate-520058+m52-candidate-520089+m52-candidate-520137+m52-candidate-520156+m52-candidate-520195+m52-candidate-520229+m52-candidate-520296+m52-candidate-520341",135:polarity-chains
m52-candidate-520145,136,520145,m52-advanced-continuation-v1,2,sha256:121d2fca84ba0b0cd876e37edc0d4707cde63ad08fe01bbce0d97ef58d90b534,sha256:1c519e43b005f24ae7474168d8a25d212ed2d497792ece6d2748f9104bb71071,7x7,5,2,6,"A+B+C+D+E",60,false,37,Normal,98,ACCEPT,"",0.0000,0.2000,2.8000,4,0,1,0,1,0,0,1,0,0.1923,24,0,false,1,"m52-candidate-520054+m52-candidate-520087+m52-candidate-520163+m52-candidate-520216+m52-candidate-520217+m52-candidate-520295+m52-candidate-520334",136:polarity-chains
m52-candidate-520146,137,520146,m52-mastery-v1,2,sha256:14d9835f1e1e1b19aaf0bbc74fb38b10af8df2ade55c9a4ba600c85c08345660,sha256:dbe84d03cd4bee88bfb741e8a4fa01baa8be8d2a0b64716995e4071cf087b7ce,7x7,6,2,5,"A+B+C+D+E+F",64,true,46,Medium,98,ACCEPT,"",0.0000,0.1667,3.5000,6,0,2,2,4,1,0,0,0,0.1583,64,1,false,1,"m52-candidate-520070+m52-candidate-520108+m52-candidate-520109+m52-candidate-520161+m52-candidate-520164+m52-candidate-520224+m52-candidate-520236+m52-candidate-520287+m52-candidate-520303",137:polarity-chains
m52-candidate-520147,138,520147,m52-advanced-continuation-v1,2,sha256:f7a4ba018a939acc2973963ef29437d1f9aebcd4d95ddeb916399e189bffd323,sha256:ea0ca58838fa33c1421e66342636bec076316ed1c2741a923b31406ae279558c,6x6,3,1,7,"B+A+C",2,false,61,Hard,89,ACCEPT,"",0.5000,0.6667,1.3333,2,1,2,1,3,0,0,0,0,0.1891,7,0,false,1,"m52-candidate-520118",138:polarity-chains
m52-candidate-520149,139,520149,m52-mastery-v1,2,sha256:0ba78c92edaaca1972653d5a040ff0e469ba1df7519ee7f3a249f60420efa3b2,sha256:663a694c98f6deca6ead19845487c27859933ff2e9e2b0e5ba0adf02bb10962a,7x7,6,2,7,"A+B+C+D+E+F",64,true,49,Medium,98,ACCEPT,"",0.0000,0.1667,3.0000,5,0,2,2,4,1,0,0,0,0.1626,48,1,false,3,"m52-candidate-520047+m52-candidate-520084+m52-candidate-520127+m52-candidate-520140+m52-candidate-520157+m52-candidate-520173+m52-candidate-520212+m52-candidate-520290",139:polarity-chains
m52-candidate-520152,140,520152,m52-mastery-v1,2,sha256:2e7e39ceba5f4f3e8280973b4a79409a5d8d90ab74f737ed9f8f8036cc7c4ec4,sha256:6b579768b5e7701da7e5ed1f2990fa3959bf6ea4429261d4106b2452bfa72e49,7x7,6,2,4,"A+B+C+D+E+F",64,true,46,Medium,99,ACCEPT,"",0.0000,0.1667,3.5000,6,0,2,2,4,1,0,0,0,0.1376,64,1,false,1,"m52-candidate-520014+m52-candidate-520024+m52-candidate-520026+m52-candidate-520062+m52-candidate-520083+m52-candidate-520103+m52-candidate-520200+m52-candidate-520211+m52-candidate-520257+m52-candidate-520272+m52-candidate-520328+m52-candidate-520338",140:polarity-chains
m52-candidate-520153,141,520153,m52-advanced-continuation-v1,2,sha256:e9f9bbc05aad9ad984ec0ef7501ab08d3ea88f315a616e296e9db96182aec226,sha256:fe96f5c815a6063dc3cb000800b53fdd0e42c57a787de4b5fd8d98234f5a621e,7x7,4,1,5,"A+B+C+D",4,false,67,Hard,88,ACCEPT,"",0.6000,0.5000,1.5000,2,2,2,2,4,0,0,0,0,0.1243,15,0,false,1,"m52-candidate-520138+m52-candidate-520270",141:mastery-set
m52-candidate-520155,142,520155,m52-mastery-v1,2,sha256:a3ef481a0c5d636785caad1d62a0d30821ac23afeec28bc8e969c61eed73d5b7,sha256:29082285457faade1c373582f2fef2bec4ba46af371a8b8b3907a25203ceefc7,7x7,6,2,7,"A+B+C+D+E+F",64,true,46,Medium,98,ACCEPT,"",0.0000,0.1667,3.5000,6,0,2,2,4,1,0,0,0,0.1650,64,1,false,1,"m52-candidate-520068+m52-candidate-520114+m52-candidate-520166+m52-candidate-520176+m52-candidate-520196+m52-candidate-520221+m52-candidate-520233+m52-candidate-520241+m52-candidate-520323+m52-candidate-520332",142:mastery-set
m52-candidate-520156,143,520156,m52-advanced-continuation-v1,2,sha256:d66c3c5c31dbe56aac669a22ae3ecd6ea81a0abd8abd7d2f0caa0df670368b26,sha256:e3592130bf66f921b00e48c9ac0424ec4d4f76dd47bd323b38befd61a29cfa55,7x7,6,2,5,"A+B+C+D+E+F",64,true,46,Medium,99,ACCEPT,"",0.0000,0.1667,3.5000,6,0,2,2,4,1,0,0,0,0.1391,64,1,false,1,"m52-candidate-520039+m52-candidate-520044+m52-candidate-520058+m52-candidate-520089+m52-candidate-520137+m52-candidate-520144+m52-candidate-520195+m52-candidate-520229+m52-candidate-520296+m52-candidate-520341",143:mastery-set
m52-candidate-520157,144,520157,m52-advanced-continuation-v1,2,sha256:73827a49aa1cbb69d2df6bcff07f70567d8b9d3d8d02b1a14546148fa4725e4d,sha256:1f580129bb8eb5ff8ce8b6287aa664f4fe99cabe11082fed1a9459742606f523,7x7,6,2,7,"A+B+C+D+E+F",64,true,49,Medium,98,ACCEPT,"",0.0000,0.1667,3.0000,5,0,2,2,4,1,0,0,0,0.1650,48,1,false,1,"m52-candidate-520047+m52-candidate-520084+m52-candidate-520127+m52-candidate-520140+m52-candidate-520149+m52-candidate-520173+m52-candidate-520212+m52-candidate-520290",144:mastery-set
m52-candidate-520161,145,520161,m52-mastery-v1,2,sha256:a7432f6f4c5dfb3df0baa0f454e8537510938c0719c1feda68cad1c232fbb112,sha256:3cda40880f570d86581ed7145805e20189a8daae8863fb77044411c6301dbe52,7x7,6,2,5,"A+B+C+D+E+F",64,true,46,Medium,99,ACCEPT,"",0.0000,0.1667,3.5000,6,0,2,2,4,1,0,0,0,0.1423,64,1,false,1,"m52-candidate-520070+m52-candidate-520108+m52-candidate-520109+m52-candidate-520146+m52-candidate-520164+m52-candidate-520224+m52-candidate-520236+m52-candidate-520287+m52-candidate-520303",145:mastery-set
m52-candidate-520162,146,520162,m52-advanced-continuation-v1,2,sha256:f8cc3e3199cc013b991c8143daf3c1210e014c6d01dda7627393ebb7aa63c937,sha256:dec8617503a265094addc8850b9a08743f2d8ab6654f3cb71544ec56e6488691,6x6,3,1,5,"B+A+C",2,false,60,Medium,89,ACCEPT,"",0.5000,0.6667,1.3333,2,1,2,1,3,0,0,0,0,0.1597,7,0,false,1,"m52-candidate-520076",146:mastery-set
m52-candidate-520163,147,520163,m52-advanced-continuation-v1,2,sha256:409e5c83235550bbcfa43c131c2967288cc4b919d04b93a08e7fcc993718d570,sha256:fe0505bf4d76d9859171db9843c1b881b7533204738121f793ca2312cd48f427,7x7,5,2,6,"A+B+C+D+E",60,false,37,Normal,98,ACCEPT,"",0.0000,0.2000,2.8000,4,0,1,0,1,0,0,1,0,0.1987,24,0,false,1,"m52-candidate-520054+m52-candidate-520087+m52-candidate-520145+m52-candidate-520216+m52-candidate-520217+m52-candidate-520295+m52-candidate-520334",147:mastery-set
m52-candidate-520164,148,520164,m52-mastery-v1,2,sha256:afe9a4a1aad356ecfec1c6ce61bafe2a96b9adc6508112f47430aaf3e4108ae2,sha256:a0a621e8d1199e5bc363d9eeab058458206d74fb58b7a0d832275882bddf886d,7x7,6,2,5,"A+B+C+D+E+F",64,true,46,Medium,99,ACCEPT,"",0.0000,0.1667,3.5000,6,0,2,2,4,1,0,0,0,0.1487,64,1,false,2,"m52-candidate-520070+m52-candidate-520108+m52-candidate-520109+m52-candidate-520146+m52-candidate-520161+m52-candidate-520224+m52-candidate-520236+m52-candidate-520287+m52-candidate-520303",148:mastery-set
m52-candidate-520166,149,520166,m52-advanced-continuation-v1,2,sha256:60b868fd86a05829bcf5e948f3bd643fef9354cb0aac9e7d5123915b9b753eaa,sha256:eea5ec7d2acdf08578b744ee017c546fc44e35b585fbfa57846e6e2bec1d63c2,7x7,6,2,7,"A+B+C+D+E+F",64,true,46,Medium,98,ACCEPT,"",0.0000,0.1667,3.5000,6,0,2,2,4,1,0,0,0,0.1650,64,1,false,1,"m52-candidate-520068+m52-candidate-520114+m52-candidate-520155+m52-candidate-520176+m52-candidate-520196+m52-candidate-520221+m52-candidate-520233+m52-candidate-520241+m52-candidate-520323+m52-candidate-520332",149:mastery-set
m52-candidate-520167,150,520167,m52-mastery-v1,2,sha256:8c3b567bf33db1f1edce3fb125ed4682217f7fa5d7322723ba63447a1211b767,sha256:9eabac849850e503f44e1a4730cb085d6b8efe115f3676a5f29476ee1e8724eb,7x7,6,2,6,"A+B+C+D+E+F",64,true,46,Medium,98,ACCEPT,"",0.0000,0.1667,3.5000,6,0,2,2,4,1,0,0,0,0.1593,64,1,false,1,"m52-candidate-520050+m52-candidate-520073+m52-candidate-520116+m52-candidate-520125+m52-candidate-520130+m52-candidate-520242+m52-candidate-520251+m52-candidate-520263+m52-candidate-520294+m52-candidate-520308",150:mastery-set
m52-candidate-520168,101,520168,m52-advanced-continuation-v1,2,sha256:bd184756c4cec66adf1e28cab11981287082764a5aa0215e64914a8287306a09,sha256:0f4b31b05890a9a502c2f1859c5e2525c1458db94446e3b961481d083cfdcb10,6x6,3,1,7,"B+A+C",2,false,61,Hard,89,ACCEPT,"",0.5000,0.6667,1.3333,2,1,2,1,3,0,0,0,0,0.1755,7,0,false,1,"none",101:reorientation
m52-candidate-520169,102,520169,m52-advanced-continuation-v1,2,sha256:cf5bd3277f77c765343e68b0d781dacd3f90e19bc134740bb3047d06046125f1,sha256:fd5438091f176f365b6ba0713a37e95c76db7428c829021ca0d36bc405a48353,7x7,3,1,6,"B+A+C",2,false,60,Medium,90,ACCEPT,"",0.5000,0.6667,1.3333,2,1,2,1,3,0,0,0,0,0.1298,7,0,false,1,"none",102:reorientation
m52-candidate-520170,103,520170,m52-mastery-v1,2,sha256:4aa589665ea50b9a738fce269f5587baa2643d413ea44c51431de6bff0eeb4ec,sha256:bcee32e65126df22a2ab56080ff9c1c1283e079fb3b975422e6b287a99ff4870,7x7,6,2,7,"A+B+C+D+E+F",64,true,46,Medium,98,ACCEPT,"",0.0000,0.1667,3.5000,6,0,2,2,4,1,0,0,0,0.1673,64,1,false,1,"m52-candidate-520011+m52-candidate-520218+m52-candidate-520227+m52-candidate-520252",103:reorientation
m52-candidate-520171,104,520171,m52-advanced-continuation-v1,2,sha256:dd9a41d9d09fc68ad825a9b0953e4a6411be3fc4a31df10d6ec6a32e7ee190b6,sha256:76ff6aa0e17dcf436943902dfb2f28afe9ecc0ac3f6a02629f8c32c86fa0f70d,7x7,3,1,5,"B+A+C",2,false,60,Medium,90,ACCEPT,"",0.5000,0.6667,1.3333,2,1,2,1,3,0,0,0,0,0.1196,7,0,false,1,"none",104:reorientation
m52-candidate-520172,105,520172,m52-advanced-continuation-v1,2,sha256:f424f4e775bc65d41f562c1c993e91b6d29dd272d4a5a6cdafe79213a3462059,sha256:31d3aaf8725af32ef1d970b08c4eefb5b86b37fc4916d9eae67792fa9d8dd75b,7x7,6,2,3,"A+B+C+D+E+F",64,true,46,Medium,99,ACCEPT,"",0.0000,0.1667,3.5000,6,0,2,2,4,1,0,0,0,0.1259,64,1,false,1,"m52-candidate-520056+m52-candidate-520131+m52-candidate-520143",105:reorientation
m52-candidate-520173,106,520173,m52-mastery-v1,2,sha256:360d71095f0379d092c5c86e8f544ea9e2f57bfbd6b0c7a122faf7f3b27b64e2,sha256:ce4fdc85155a24ab021d941a4597f9e21e8f0131af0f699a32a7706a890650b1,7x7,6,2,7,"A+B+C+D+E+F",64,true,49,Medium,98,ACCEPT,"",0.0000,0.1667,3.0000,5,0,2,2,4,1,0,0,0,0.1650,48,1,false,1,"m52-candidate-520047+m52-candidate-520084+m52-candidate-520127+m52-candidate-520140+m52-candidate-520149+m52-candidate-520157+m52-candidate-520212+m52-candidate-520290",106:reorientation
m52-candidate-520175,107,520175,m52-advanced-continuation-v1,2,sha256:a4654d5ed11c1ffc6ac471b57d64f9945f9016e13adfcb726f232158cd36dac9,sha256:86aedbe93cbffee2593f81bc9faed735436e88dc2749f9ce824ece4c87026b4c,7x7,3,1,3,"B+A+C",2,false,60,Medium,90,ACCEPT,"",0.5000,0.6667,1.3333,2,1,2,1,3,0,0,0,0,0.1310,7,0,false,1,"none",107:reorientation
m52-candidate-520176,108,520176,m52-mastery-v1,2,sha256:40b8665b0abc64db90ab559096cab715fb46e62dc69e48d8cefe68d55a440342,sha256:9a712abf0b716c7dca822ddd6b80d6b4cf39b6da50708151616e2397b29de5c3,7x7,6,2,7,"A+B+C+D+E+F",64,true,46,Medium,98,ACCEPT,"",0.0000,0.1667,3.5000,6,0,2,2,4,1,0,0,0,0.1650,64,1,false,1,"m52-candidate-520068+m52-candidate-520114+m52-candidate-520155+m52-candidate-520166+m52-candidate-520196+m52-candidate-520221+m52-candidate-520233+m52-candidate-520241+m52-candidate-520323+m52-candidate-520332",108:reorientation
m52-candidate-520177,109,520177,m52-advanced-continuation-v1,2,sha256:6c727f04bb72bc3fda298366f545ff928c556430a0fea9fd3f4c9c068094ebbe,sha256:d8040c7c245c1a7966ca3b4eb3f33093a58d23e85f2a94ae1008251dfea30943,7x7,6,2,6,"A+B+C+D+E+F",64,true,48,Medium,98,ACCEPT,"",0.0000,0.1667,3.1667,5,0,2,1,3,1,1,0,1,0.1566,48,1,false,1,"m52-candidate-520022+m52-candidate-520032+m52-candidate-520266+m52-candidate-520269+m52-candidate-520299+m52-candidate-520314",109:reorientation
m52-candidate-520178,110,520178,m52-advanced-continuation-v1,2,sha256:777d0d16746254379a38589780c28914889b09206b45833ca1312e628bc34b69,sha256:f3e342918f7309af0060a3ad0c7b9e607df025190045f858c6d8738ac962486f,7x7,3,1,6,"B+A+C",2,false,60,Medium,90,ACCEPT,"",0.5000,0.6667,1.3333,2,1,2,1,3,0,0,0,0,0.1298,7,0,false,1,"none",110:reorientation
m52-candidate-520179,111,520179,m52-mastery-v1,2,sha256:7f178495513bc2dbfbcdd31cd1dcf659e6ca5c10cc69d29acea7d462d02a9002,sha256:494cafc08cb4fee5eb8878ed0fce377c3b9eb676f9647a3e0a5e9b7a2db07678,7x7,6,2,6,"A+B+C+D+E+F",64,true,46,Medium,98,ACCEPT,"",0.0000,0.1667,3.5000,6,0,2,2,4,1,0,0,0,0.1621,64,1,false,1,"m52-candidate-520030+m52-candidate-520031+m52-candidate-520037+m52-candidate-520038+m52-candidate-520081+m52-candidate-520095+m52-candidate-520110+m52-candidate-520112+m52-candidate-520141+m52-candidate-520199+m52-candidate-520245+m52-candidate-520258+m52-candidate-520275+m52-candidate-520305",111:crossfields
m52-candidate-520183,112,520183,m52-advanced-continuation-v1,2,sha256:b47c7cf4a12cfeae852a0a6a4bda8a7de55728fd0fe85595dacfc04d42694af7,sha256:6b9021ab0c97b01b9871e04ef2ab3c42f31f092eba87909759f843ba12000575,6x6,3,1,3,"B+A+C",2,false,60,Medium,89,ACCEPT,"",0.5000,0.6667,1.3333,2,1,2,1,3,0,0,0,0,0.1567,7,0,false,1,"none",112:crossfields
m52-candidate-520185,113,520185,m52-mastery-v1,2,sha256:96b6535bc1a7d8bcbde1528c6617fade2222253214bc7ed53f46275401afa081,sha256:94668ea7ed7bbf69782a3e244132eb060525597d17d771254a1bd995f1494ec1,7x7,6,2,4,"A+B+C+D+E+F",64,true,49,Medium,99,ACCEPT,"",0.0000,0.1667,3.0000,5,0,2,2,4,1,0,0,0,0.1376,48,0,false,1,"m52-candidate-520005+m52-candidate-520074+m52-candidate-520077+m52-candidate-520105+m52-candidate-520119+m52-candidate-520206+m52-candidate-520235+m52-candidate-520311",113:crossfields
m52-candidate-520190,114,520190,m52-advanced-continuation-v1,2,sha256:4226459a3c173e11a2b78f0d8b27b54f7dea5b0b414c089703325f668971e956,sha256:6c3df3310acc373725cf9af03d3c0a7168f0ab93ca7dac0a8c96d273857ba9a1,7x7,3,1,6,"B+A+C",2,false,60,Medium,90,ACCEPT,"",0.5000,0.6667,1.3333,2,1,2,1,3,0,0,0,0,0.1298,7,0,false,1,"none",114:crossfields
m52-candidate-520192,115,520192,m52-advanced-continuation-v1,2,sha256:b74770ca3eea2bafea7ab8df8030d59551b7c0ade3d09d3077f3fb71ff4e796d,sha256:044ee617721bdb3eca4ef6cfc4ad88b966b489f8e362cb24232f4cb3b533ebbf,7x7,4,1,7,"A+B+C+D",4,false,68,Hard,88,ACCEPT,"",0.6000,0.5000,1.5000,2,2,2,2,4,0,0,0,0,0.1376,15,0,false,1,"none",115:crossfields
m52-candidate-520194,116,520194,m52-mastery-v1,2,sha256:18509c746a6b27fdf0a2f739b2b3ae728aaee397ba4a978fd4f0454ec8ed4aca,sha256:3a46ed4bcec224ba7159275cbc6f537f1bf4d6b0046f925344112dd333446511,7x7,6,2,4,"A+B+C+D+E+F",64,true,46,Medium,99,ACCEPT,"",0.0000,0.1667,3.5000,6,0,2,2,4,1,0,0,0,0.1338,64,1,false,2,"m52-candidate-520099+m52-candidate-520317",116:crossfields
m52-candidate-520195,117,520195,m52-advanced-continuation-v1,2,sha256:ee0734ba80cabf56af82627f27c52459b2541a0342b1b7186cef3a28a3d4ef4b,sha256:1d38dec6fc3874c21fdc0cf3069f4ec05c6b6b4203452642828d7b75e80ea7ad,7x7,6,2,5,"A+B+C+D+E+F",64,true,49,Medium,99,ACCEPT,"",0.0000,0.1667,3.0000,5,0,2,2,4,1,0,0,0,0.1487,48,0,false,1,"m52-candidate-520039+m52-candidate-520044+m52-candidate-520058+m52-candidate-520089+m52-candidate-520137+m52-candidate-520144+m52-candidate-520156+m52-candidate-520229+m52-candidate-520296+m52-candidate-520341",117:crossfields
m52-candidate-520196,118,520196,m52-advanced-continuation-v1,2,sha256:b42f1a5efdee92f071db146a9939d0a5d1d653d152aaa31c18de3896746180d4,sha256:2fe94333a4492449bd8004c5f29703ce236f3942298e60b2386c03c832e16a0a,7x7,6,2,7,"A+B+C+D+E+F",64,true,46,Medium,98,ACCEPT,"",0.0000,0.1667,3.5000,6,0,1,2,3,1,1,0,1,0.1721,64,1,false,1,"m52-candidate-520068+m52-candidate-520114+m52-candidate-520155+m52-candidate-520166+m52-candidate-520176+m52-candidate-520221+m52-candidate-520233+m52-candidate-520241+m52-candidate-520323+m52-candidate-520332",118:crossfields
m52-candidate-520199,119,520199,m52-advanced-continuation-v1,2,sha256:a95e5d220c9ec38bee33c2c372c56d5974e3ffdce53a81e9d26c11ae2031694b,sha256:76ee2bda62e0d3414fc3842374da011997a9ecfc3f726ee0de37c9b48d994736,7x7,6,2,6,"A+B+C+D+E+F",64,true,46,Medium,98,ACCEPT,"",0.0000,0.1667,3.5000,6,0,2,2,4,1,0,0,0,0.1566,64,2,false,1,"m52-candidate-520030+m52-candidate-520031+m52-candidate-520037+m52-candidate-520038+m52-candidate-520081+m52-candidate-520095+m52-candidate-520110+m52-candidate-520112+m52-candidate-520141+m52-candidate-520179+m52-candidate-520245+m52-candidate-520258+m52-candidate-520275+m52-candidate-520305",119:crossfields
m52-candidate-520200,120,520200,m52-mastery-v1,2,sha256:2074846e7648461c96e0d64bb6bd9f26fc2c7493424b562b228552b4d4871033,sha256:e0b7b93e22f38ffc382b1ec05c2a8d81f16bb157649e1344f64707ca75d605ba,7x7,6,2,4,"A+B+C+D+E+F",64,true,46,Medium,99,ACCEPT,"",0.0000,0.1667,3.5000,6,0,2,2,4,1,0,0,0,0.1300,64,1,false,1,"m52-candidate-520014+m52-candidate-520024+m52-candidate-520026+m52-candidate-520062+m52-candidate-520083+m52-candidate-520103+m52-candidate-520152+m52-candidate-520211+m52-candidate-520257+m52-candidate-520272+m52-candidate-520328+m52-candidate-520338",120:crossfields
m52-candidate-520206,121,520206,m52-mastery-v1,2,sha256:663ac1175eb06bbc556fb9715777b110fcb5d8feb3f72550ea43d4aedd262062,sha256:a80968e0f6642aca71f5f8c7c2d6b63cb52802daaedf09d4e50b7a2462c98f00,7x7,6,2,4,"A+B+C+D+E+F",64,true,46,Medium,99,ACCEPT,"",0.0000,0.1667,3.5000,6,0,2,2,4,1,0,0,0,0.1338,64,1,false,1,"m52-candidate-520005+m52-candidate-520074+m52-candidate-520077+m52-candidate-520105+m52-candidate-520119+m52-candidate-520185+m52-candidate-520235+m52-candidate-520311",121:crossfields
m52-candidate-520207,122,520207,m52-advanced-continuation-v1,2,sha256:0a11151fc8ccd54029dba4c63119a451a7602f3d9b5b8b92913c7807f0b5d45b,sha256:a47dae420ac5d9944f4203a9ceed199f983c4118c0736a54878ab784af9bc58b,6x6,3,1,5,"B+A+C",2,false,60,Medium,89,ACCEPT,"",0.5000,0.6667,1.3333,2,1,2,1,3,0,0,0,0,0.1597,7,0,false,1,"m52-candidate-520133",122:crossfields
m52-candidate-520208,123,520208,m52-advanced-continuation-v1,2,sha256:e49617213de87eed26c1a54f8263362bf32800ab2c09ec08efe62a4e2944c9e6,sha256:6c6860670d7b9f8e74a5aabd3058109ee23f7cea7da2e454a3be31788b1b2e15,7x7,3,1,7,"B+A+C",2,false,60,Medium,90,ACCEPT,"",0.5000,0.6667,1.3333,2,1,2,1,3,0,0,0,0,0.1350,7,0,false,1,"m52-candidate-520298",123:crossfields
m52-candidate-520211,124,520211,m52-advanced-continuation-v1,2,sha256:2610fa58a4f571b76553115a8ca3e7018d06a79c3edabbb572018cb6966aaa08,sha256:7663056ffd237bb8044ac1b2a0cbf54c3f536c045967fabf6667b7f13e595db5,7x7,6,2,4,"A+B+C+D+E+F",64,true,46,Medium,99,ACCEPT,"",0.0000,0.1667,3.5000,6,0,2,2,4,1,0,0,0,0.1414,64,1,false,1,"m52-candidate-520014+m52-candidate-520024+m52-candidate-520026+m52-candidate-520062+m52-candidate-520083+m52-candidate-520103+m52-candidate-520152+m52-candidate-520200+m52-candidate-520257+m52-candidate-520272+m52-candidate-520328+m52-candidate-520338",124:crossfields
m52-candidate-520212,125,520212,m52-mastery-v1,2,sha256:61737a4bf4db1944fd7a9569704cdcb79657275b73989639500c315b92cf985c,sha256:48b6adc8a2c0c218357edcb83716dc861ef129896a9292fcd62fb8aaade640cc,7x7,6,2,7,"A+B+C+D+E+F",64,true,49,Medium,98,ACCEPT,"",0.0000,0.1667,3.0000,5,0,2,2,4,1,0,0,0,0.1673,48,0,false,1,"m52-candidate-520047+m52-candidate-520084+m52-candidate-520127+m52-candidate-520140+m52-candidate-520149+m52-candidate-520157+m52-candidate-520173+m52-candidate-520290",125:crossfields
m52-candidate-520216,126,520216,m52-advanced-continuation-v1,2,sha256:c4f6c511ff73106fa3875e03d13a31b12a210768dcc8b9016ecb49498d5767c0,sha256:8136155ed4b497ba384f1ae798d9c444471bbfd65ec439db76f54f997231748a,7x7,5,2,6,"A+B+C+D+E",60,false,43,Normal,98,ACCEPT,"",0.0000,0.2000,2.8000,4,0,2,0,2,1,1,0,1,0.1987,24,0,false,1,"m52-candidate-520054+m52-candidate-520087+m52-candidate-520145+m52-candidate-520163+m52-candidate-520217+m52-candidate-520295+m52-candidate-520334",126:polarity-chains
m52-candidate-520217,127,520217,m52-advanced-continuation-v1,2,sha256:94ff1e76752ed72a2f5b34a859c662588293d13bf1b5ed2f864824a39fa35fc2,sha256:4e13456231c2cd8a8f4f499143cf21731a184d59ec297fe66bbb41ab64643427,7x7,5,2,6,"A+B+C+D+E",60,false,37,Normal,98,ACCEPT,"",0.0000,0.2000,2.8000,4,0,1,0,1,0,0,1,0,0.1955,24,0,false,1,"m52-candidate-520054+m52-candidate-520087+m52-candidate-520145+m52-candidate-520163+m52-candidate-520216+m52-candidate-520295+m52-candidate-520334",127:polarity-chains
m52-candidate-520218,128,520218,m52-mastery-v1,2,sha256:033551ec934aab84bb889bf7950e29cb3ab67a2a36388f71ccfd6abe3d7db59c,sha256:3480564d5cf0f00cc198682989c44bdb409d045c231a449973aea9b375c8062f,7x7,6,2,7,"A+B+C+D+E+F",64,true,46,Medium,98,ACCEPT,"",0.0000,0.1667,3.5000,6,0,2,2,4,1,0,0,0,0.1697,64,1,false,1,"m52-candidate-520011+m52-candidate-520170+m52-candidate-520227+m52-candidate-520252",128:polarity-chains
m52-candidate-520221,129,520221,m52-mastery-v1,2,sha256:9be9f72048d4e38e7d907621a386735c02abb0248fe9731b8777e3f0fc915794,sha256:48f42dfe54e88794463dd935e0b3143dc7443cb6065e9a2a7889f37b2b9a2706,7x7,6,2,7,"A+B+C+D+E+F",64,true,46,Medium,98,ACCEPT,"",0.0000,0.1667,3.5000,6,0,2,2,4,1,0,0,0,0.1697,64,1,false,1,"m52-candidate-520068+m52-candidate-520114+m52-candidate-520155+m52-candidate-520166+m52-candidate-520176+m52-candidate-520196+m52-candidate-520233+m52-candidate-520241+m52-candidate-520323+m52-candidate-520332",129:polarity-chains
m52-candidate-520223,130,520223,m52-advanced-continuation-v1,2,sha256:343a5ac75104bc6f7e52508659053023811ece78bde4cdbed521e34e593a948a,sha256:de0f67537e57a3e4e2b323e54887231e8e660c801aa2265f1ede96601566d4b9,7x7,4,1,6,"A+B+C+D",4,false,67,Hard,88,ACCEPT,"",0.6000,0.5000,1.5000,2,2,2,2,4,0,0,0,0,0.1259,15,0,false,1,"none",130:polarity-chains
m52-candidate-520224,131,520224,m52-mastery-v1,2,sha256:7dfcba1abc7dd03e576ee58a4835c65548e6d79ca85d1c761b44fe839330ea62,sha256:f0e5786dabe1ce81db8cdedc5536fa4830f086f5d0dcaf06459671c306481ac7,7x7,6,2,5,"A+B+C+D+E+F",64,true,46,Medium,99,ACCEPT,"",0.0000,0.1667,3.5000,6,0,2,2,4,1,0,0,0,0.1455,64,1,false,2,"m52-candidate-520070+m52-candidate-520108+m52-candidate-520109+m52-candidate-520146+m52-candidate-520161+m52-candidate-520164+m52-candidate-520236+m52-candidate-520287+m52-candidate-520303",131:polarity-chains
m52-candidate-520225,132,520225,m52-advanced-continuation-v1,2,sha256:72356c99b19109ee4f52b0793e119381c84c5abbc3dff1c02d27ac64ecd43701,sha256:6844238c4757bb0e64c6fce7b42741f9663661b85ea3931f0b65214b8ccfc3f8,6x6,3,1,6,"B+A+C",2,false,61,Hard,89,ACCEPT,"",0.5000,0.6667,1.3333,2,1,2,1,3,0,0,0,0,0.1722,7,0,false,1,"m52-candidate-520322",132:polarity-chains
m52-candidate-520226,133,520226,m52-advanced-continuation-v1,2,sha256:f45358f5da956c262b83492b9b4c4b2ba27d3b16df7b2ab6d3e52a1cc58196fa,sha256:1befb97ad5354c1bb49a4eb3653a02119cdc5f05e6b2e35813ddc04c67dfd70f,6x6,3,1,5,"B+A+C",2,false,60,Medium,89,ACCEPT,"",0.5000,0.6667,1.3333,2,1,2,1,3,0,0,0,0,0.1736,7,0,false,1,"none",133:polarity-chains
m52-candidate-520227,134,520227,m52-mastery-v1,2,sha256:de746ed8a00e0f4b10f771c75964bc4642cd134b521d17974eee145eaff76e55,sha256:016fe0e0ceab4a9dfdb3ef8afa31d6ca17b740ae1e1a7560a8fd83e0b381d93f,7x7,6,2,7,"A+B+C+D+E+F",64,true,46,Medium,98,ACCEPT,"",0.0000,0.1667,3.5000,6,0,2,2,4,1,0,0,0,0.1673,64,1,false,1,"m52-candidate-520011+m52-candidate-520170+m52-candidate-520218+m52-candidate-520252",134:polarity-chains
m52-candidate-520229,135,520229,m52-advanced-continuation-v1,2,sha256:c26b9d008ff3d23506a5ac5458114275a1ae5e29f746be761c02ba3f2d9a4599,sha256:a81bd68707fab560e7919ab3804ac52b7765768d3427c9d6adefce97d4f6c438,7x7,6,2,5,"A+B+C+D+E+F",64,true,46,Medium,99,ACCEPT,"",0.0000,0.1667,3.5000,6,0,2,2,4,1,0,0,0,0.1423,64,1,false,1,"m52-candidate-520039+m52-candidate-520044+m52-candidate-520058+m52-candidate-520089+m52-candidate-520137+m52-candidate-520144+m52-candidate-520156+m52-candidate-520195+m52-candidate-520296+m52-candidate-520341",135:polarity-chains
m52-candidate-520233,136,520233,m52-mastery-v1,2,sha256:3ae3029d9ca412bee2e7d592a538ddfcc0f10aa1e4b326d83c9824822b79c146,sha256:8b86927888425e9c85109894770990904d21f7f282900a719e4fb95c93c96554,7x7,6,2,7,"A+B+C+D+E+F",64,true,46,Medium,98,ACCEPT,"",0.0000,0.1667,3.5000,6,0,2,2,4,1,0,0,0,0.1673,64,1,false,1,"m52-candidate-520068+m52-candidate-520114+m52-candidate-520155+m52-candidate-520166+m52-candidate-520176+m52-candidate-520196+m52-candidate-520221+m52-candidate-520241+m52-candidate-520323+m52-candidate-520332",136:polarity-chains
m52-candidate-520235,137,520235,m52-advanced-continuation-v1,2,sha256:6959d91050b7c3bc07203fd5c9aea6d7a53e2d9b96360ec2ea5df8fb8c760660,sha256:088f3f67f47c280ffccf36956b2991aeb3e63d87c261573e9f07827b943972fd,7x7,6,2,4,"A+B+C+D+E+F",64,true,46,Medium,99,ACCEPT,"",0.0000,0.1667,3.5000,6,0,2,2,4,1,0,0,0,0.1338,64,1,false,1,"m52-candidate-520005+m52-candidate-520074+m52-candidate-520077+m52-candidate-520105+m52-candidate-520119+m52-candidate-520185+m52-candidate-520206+m52-candidate-520311",137:polarity-chains
m52-candidate-520236,138,520236,m52-mastery-v1,2,sha256:f2a55948692610b05d05e6fc97cbdf95fc080488c1a5b853c8ebf4bda37ddfe8,sha256:480bc5aa0604fd10fe54ce9c555a11b7f03cffad1158ad180e8b98d98abef0a1,7x7,6,2,5,"A+B+C+D+E+F",64,true,46,Medium,99,ACCEPT,"",0.0000,0.1667,3.5000,6,0,2,2,4,1,0,0,0,0.1487,64,1,false,1,"m52-candidate-520070+m52-candidate-520108+m52-candidate-520109+m52-candidate-520146+m52-candidate-520161+m52-candidate-520164+m52-candidate-520224+m52-candidate-520287+m52-candidate-520303",138:polarity-chains
m52-candidate-520241,139,520241,m52-advanced-continuation-v1,2,sha256:d940f9b80d4c86962f3f520c0ad0430b67ab29c53967a42a36a3247d0f375660,sha256:857a123c10e6e11fb61cb532a087a99ab300079cae7ef3a2d851faab4817b207,7x7,6,2,7,"A+B+C+D+E+F",64,true,46,Medium,98,ACCEPT,"",0.0000,0.1667,3.5000,6,0,2,2,4,1,0,0,0,0.1697,64,1,false,1,"m52-candidate-520068+m52-candidate-520114+m52-candidate-520155+m52-candidate-520166+m52-candidate-520176+m52-candidate-520196+m52-candidate-520221+m52-candidate-520233+m52-candidate-520323+m52-candidate-520332",139:polarity-chains
m52-candidate-520242,140,520242,m52-mastery-v1,2,sha256:00e390ee562d72dfbbff896807a76ad69803b5fa400d0e3b8b0f07952e73928c,sha256:17c7054379ee453ef9c542c0f410e4506fa229e76da0f769f51050986cecd3f2,7x7,6,2,6,"A+B+C+D+E+F",64,true,46,Medium,98,ACCEPT,"",0.0000,0.1667,3.5000,6,0,2,2,4,1,0,0,0,0.1593,64,1,false,1,"m52-candidate-520050+m52-candidate-520073+m52-candidate-520116+m52-candidate-520125+m52-candidate-520130+m52-candidate-520167+m52-candidate-520251+m52-candidate-520263+m52-candidate-520294+m52-candidate-520308",140:polarity-chains
m52-candidate-520243,141,520243,m52-advanced-continuation-v1,2,sha256:6fecd89c315263862e7b4d5128a3c8f93fddd8aecd14853da603bc3ba404aa9a,sha256:f347458765fa2f0070a9edfde569dc12d8b0f239c9b0c92f6bea369d1095a87c,7x7,3,1,7,"B+A+C",2,false,60,Medium,90,ACCEPT,"",0.5000,0.6667,1.3333,2,1,2,1,3,0,0,0,0,0.1441,7,0,false,1,"m52-candidate-520025+m52-candidate-520277",141:mastery-set
m52-candidate-520245,142,520245,m52-mastery-v1,2,sha256:dd625382bf6901bbb2146aa9c3a08663cfd0c6bb8c156376aa577322777365c9,sha256:c4a26c143dd9b83c72953c76b7c7de636adcbb7de58da432bd7cd8f9e13deb5e,7x7,6,2,6,"A+B+C+D+E+F",64,true,46,Medium,98,ACCEPT,"",0.0000,0.1667,3.5000,6,0,2,2,4,1,0,0,0,0.1593,64,1,false,1,"m52-candidate-520030+m52-candidate-520031+m52-candidate-520037+m52-candidate-520038+m52-candidate-520081+m52-candidate-520095+m52-candidate-520110+m52-candidate-520112+m52-candidate-520141+m52-candidate-520179+m52-candidate-520199+m52-candidate-520258+m52-candidate-520275+m52-candidate-520305",142:mastery-set
m52-candidate-520247,143,520247,m52-advanced-continuation-v1,2,sha256:71bf16503bd4d491ba0f4044cc2feed9247730b6408e62e129aedfb277c6f459,sha256:766c33a6149e3471362c054f6c610c7e857caee01a5f3e3cb6e0a1f4672a4c7f,7x7,3,1,5,"B+A+C",2,false,60,Medium,90,ACCEPT,"",0.5000,0.6667,1.3333,2,1,2,1,3,0,0,0,0,0.1335,7,0,false,1,"none",143:mastery-set
m52-candidate-520250,144,520250,m52-advanced-continuation-v1,2,sha256:e7d54fb4d6f48b391034ae3b926af155647a2875eeaa88396371c63b0bbd864e,sha256:f09201cc2f10026c04cead26a0b4b155ab4880aef40c085b16dbfdda41ab60e5,7x7,5,2,7,"A+B+C+D+E",60,false,38,Normal,98,ACCEPT,"",0.0000,0.2000,2.8000,4,0,1,0,1,0,0,1,0,0.2121,24,0,false,1,"m52-candidate-520307+m52-candidate-520324+m52-candidate-520348",144:mastery-set
m52-candidate-520251,145,520251,m52-mastery-v1,2,sha256:32b2730fbea5b7650f22359a38e5f0da1811f315e6fbc1facdd36dedc8e84397,sha256:5403cd02754817d1624cf78c6d90a7b64bd9defd23dd5ce4b944f7d57d777b90,7x7,6,2,6,"A+B+C+D+E+F",64,true,46,Medium,98,ACCEPT,"",0.0000,0.1667,3.5000,6,0,2,2,4,1,0,0,0,0.1621,64,1,false,1,"m52-candidate-520050+m52-candidate-520073+m52-candidate-520116+m52-candidate-520125+m52-candidate-520130+m52-candidate-520167+m52-candidate-520242+m52-candidate-520263+m52-candidate-520294+m52-candidate-520308",145:mastery-set
m52-candidate-520252,146,520252,m52-advanced-continuation-v1,2,sha256:48f6f2412ab70217f2ce1d4a4030b6dd4b3637cf43c6ada2f6bd9ad3f543b4a0,sha256:84cfac7e9c36bb47b43e4850d7662b0faa719233fdfc527d8d76e8dd19faaa66,7x7,6,2,7,"A+B+C+D+E+F",64,true,46,Medium,98,ACCEPT,"",0.0000,0.1667,3.5000,6,0,2,2,4,1,0,0,0,0.1626,64,1,false,1,"m52-candidate-520011+m52-candidate-520170+m52-candidate-520218+m52-candidate-520227",146:mastery-set
m52-candidate-520255,147,520255,m52-advanced-continuation-v1,2,sha256:89d31fe150a63eeee2ed58842a3f11126af2cfe95a1a94c752d15f9a10496d03,sha256:b909b138445a3a9e7c6e0e68ffe13443edbc27d052a6a8a57511d60d8fc29dd5,7x7,3,1,4,"B+A+C",2,false,60,Medium,90,ACCEPT,"",0.5000,0.6667,1.3333,2,1,2,1,3,0,0,0,0,0.1173,7,0,false,1,"m52-candidate-520007",147:mastery-set
m52-candidate-520256,148,520256,m52-advanced-continuation-v1,2,sha256:f865e7f3ffc230b90dc897460ef3eb05b98385a898aa1842794304e5cfe7e1da,sha256:04e383514c4075a5690e86296aa59673a00a261569b6eb6669c829af7b035797,7x7,3,1,7,"B+A+C",2,false,60,Medium,90,ACCEPT,"",0.5000,0.6667,1.3333,2,1,2,1,3,0,0,0,0,0.1350,7,0,false,1,"m52-candidate-520088",148:mastery-set
m52-candidate-520257,149,520257,m52-mastery-v1,2,sha256:4f34d55d1d8c7b2effbd66df844a1a882d1d59c1cc67c6b22a8d9e3ffde004e9,sha256:0b3bf90648ddbd1a028191996dc1d913c7db3aa24807e7b9c46a5fec8756140e,7x7,6,2,4,"A+B+C+D+E+F",64,true,46,Medium,99,ACCEPT,"",0.0000,0.1667,3.5000,6,0,2,2,4,1,0,0,0,0.1338,64,1,false,1,"m52-candidate-520014+m52-candidate-520024+m52-candidate-520026+m52-candidate-520062+m52-candidate-520083+m52-candidate-520103+m52-candidate-520152+m52-candidate-520200+m52-candidate-520211+m52-candidate-520272+m52-candidate-520328+m52-candidate-520338",149:mastery-set
m52-candidate-520258,150,520258,m52-advanced-continuation-v1,2,sha256:0ba97b083efa0295220b5c639ad59c06678b8c7d58097762b5a021c334fc54c5,sha256:6c23388e25262e5e10c863d725b2b3a01268a90e499a1c328676f8808e40c197,7x7,6,2,6,"A+B+C+D+E+F",64,true,46,Medium,98,ACCEPT,"",0.0000,0.1667,3.5000,6,0,2,2,4,1,0,0,0,0.1538,64,1,false,1,"m52-candidate-520030+m52-candidate-520031+m52-candidate-520037+m52-candidate-520038+m52-candidate-520081+m52-candidate-520095+m52-candidate-520110+m52-candidate-520112+m52-candidate-520141+m52-candidate-520179+m52-candidate-520199+m52-candidate-520245+m52-candidate-520275+m52-candidate-520305",150:mastery-set
m52-candidate-520260,101,520260,m52-mastery-v1,2,sha256:28443359297138f5130c40ed93471d17de6fc39c10166d3a8cd116607f57d350,sha256:54d798927b285db95ba1b7f07d136c6362205f6dca4b26b0c002c3f4b1d0f740,7x7,6,2,3,"A+B+C+D+E+F",64,true,46,Medium,99,ACCEPT,"",0.0000,0.1667,3.5000,6,0,2,2,4,1,0,0,0,0.1213,64,1,false,1,"m52-candidate-520023+m52-candidate-520080+m52-candidate-520092+m52-candidate-520113+m52-candidate-520289",101:reorientation
m52-candidate-520261,102,520261,m52-advanced-continuation-v1,2,sha256:a3d098a4890da28793954468e5952596776984bd0341ea0c40ea1a9c11cb0d24,sha256:d161c12b048881e801527f25c1c69769c2be4a0264a61e71aa48345acb81d853,6x6,3,1,6,"B+A+C",2,false,61,Hard,89,ACCEPT,"",0.5000,0.6667,1.3333,2,1,2,1,3,0,0,0,0,0.1722,7,0,false,1,"m52-candidate-520333",102:reorientation
m52-candidate-520262,103,520262,m52-advanced-continuation-v1,2,sha256:39c4ed324944a117ae10cc49855935fb9df866d5ca8ad5ee374483b20a708666,sha256:95801d1da681779a97a48ec8eeb37bc67c8ba05bc57439fd417ced207382eaec,7x7,5,2,5,"A+B+C+D+E",60,false,37,Normal,98,ACCEPT,"",0.0000,0.2000,2.8000,4,0,1,0,1,0,0,1,0,0.1876,24,0,false,1,"none",103:reorientation
m52-candidate-520263,104,520263,m52-mastery-v1,2,sha256:c0b6c55ba98421c19a1e34d521c60be446190f0104ffebb012b7ae6c9f50a7ae,sha256:a997c8a102c01e5256882747d673f919688a84ed78d9231603bf87dcc6c3c877,7x7,6,2,6,"A+B+C+D+E+F",64,true,46,Medium,98,ACCEPT,"",0.0000,0.1667,3.5000,6,0,2,2,4,1,0,0,0,0.1538,64,1,false,1,"m52-candidate-520050+m52-candidate-520073+m52-candidate-520116+m52-candidate-520125+m52-candidate-520130+m52-candidate-520167+m52-candidate-520242+m52-candidate-520251+m52-candidate-520294+m52-candidate-520308",104:reorientation
m52-candidate-520265,105,520265,m52-advanced-continuation-v1,2,sha256:4f3b8d39cedfb82d3d13512fb52ce044055c92e5a696c27a9c29faf803b932df,sha256:d6231811a2621bd77d58dd3ea94fa365b931892992ad2778132d16f532add9d2,7x7,6,2,5,"A+B+C+D+E+F",64,true,46,Medium,99,ACCEPT,"",0.0000,0.1667,3.5000,6,0,2,2,4,1,0,0,0,0.1455,64,1,false,1,"m52-candidate-520017+m52-candidate-520035+m52-candidate-520063+m52-candidate-520065+m52-candidate-520101+m52-candidate-520344",105:reorientation
m52-candidate-520266,106,520266,m52-mastery-v1,2,sha256:8d9672f231b67ae773d3d9ec8cc703794f261239613fc069a47f0ebe55fdc656,sha256:1f7950c01d4d194582d224f2640251d5848c9eea0d2175212859cb6fbe6ac79e,7x7,6,2,6,"A+B+C+D+E+F",64,true,46,Medium,98,ACCEPT,"",0.0000,0.1667,3.5000,6,0,2,2,4,1,0,0,0,0.1511,64,1,false,2,"m52-candidate-520022+m52-candidate-520032+m52-candidate-520177+m52-candidate-520269+m52-candidate-520299+m52-candidate-520314",106:reorientation
m52-candidate-520268,107,520268,m52-advanced-continuation-v1,2,sha256:8a7d191924d71e2afcbedffac33754b0de01d20cb28ad1193cd3e7488a29c9c3,sha256:544b8c9b965a961149a275059b6b0c84b3eff9e267e8fdf81ee7a15bd937fed9,7x7,6,2,2,"A+B+C+D+E+F",64,true,46,Medium,99,ACCEPT,"",0.0000,0.1667,3.5000,6,0,2,2,4,1,0,0,0,0.1020,64,0,false,1,"m52-candidate-520002+m52-candidate-520033+m52-candidate-520319",107:reorientation
m52-candidate-520269,108,520269,m52-mastery-v1,2,sha256:fbaa638d508fe5f2a25ed96b6c6ba5ef4d23c2b8c7ec37759e97a0e816dfe071,sha256:b1c2464901ad31be946c5242c7ac26aa38e29fcc8d7c683cb44ad9ecd521fadc,7x7,6,2,6,"A+B+C+D+E+F",64,true,49,Medium,98,ACCEPT,"",0.0000,0.1667,3.0000,5,0,2,2,4,1,0,0,0,0.1538,48,1,false,1,"m52-candidate-520022+m52-candidate-520032+m52-candidate-520177+m52-candidate-520266+m52-candidate-520299+m52-candidate-520314",108:reorientation
m52-candidate-520270,109,520270,m52-advanced-continuation-v1,2,sha256:db991bc007465f87c1c91cce648acddda4b48aeedb3a77a4d4fd7bb84777b2a5,sha256:01c39b08230b04609cb984201fb9ed5c2ae593556b6c3129ea80d89c295ee128,7x7,4,1,5,"A+B+C+D",4,false,67,Hard,88,ACCEPT,"",0.6000,0.5000,1.5000,2,2,2,2,4,0,0,0,0,0.1243,15,0,false,1,"m52-candidate-520138+m52-candidate-520153",109:reorientation
m52-candidate-520272,110,520272,m52-mastery-v1,2,sha256:ab8b9f5ab6b5916a9099cd5359a769a1cab681a5ecba6fc63175ac5dcdf2a066,sha256:f8cec5e3f401db33fba6d3cac59f003ec2b6d8b5c3b911f3baba71c5f41a168b,7x7,6,2,4,"A+B+C+D+E+F",64,true,46,Medium,99,ACCEPT,"",0.0000,0.1667,3.5000,6,0,2,2,4,1,0,0,0,0.1376,64,0,false,1,"m52-candidate-520014+m52-candidate-520024+m52-candidate-520026+m52-candidate-520062+m52-candidate-520083+m52-candidate-520103+m52-candidate-520152+m52-candidate-520200+m52-candidate-520211+m52-candidate-520257+m52-candidate-520328+m52-candidate-520338",110:reorientation
m52-candidate-520275,111,520275,m52-mastery-v1,2,sha256:428e098841822c9878b5af039cf73ae4ef5ac58d1ed7af884ef8a44ee04f88b0,sha256:9f557551ce05523f8d18c84445b1a29395d93708de35762b017a4565ba315208,7x7,6,2,6,"A+B+C+D+E+F",64,true,46,Medium,98,ACCEPT,"",0.0000,0.1667,3.5000,6,0,2,2,4,1,0,0,0,0.1593,64,1,false,1,"m52-candidate-520030+m52-candidate-520031+m52-candidate-520037+m52-candidate-520038+m52-candidate-520081+m52-candidate-520095+m52-candidate-520110+m52-candidate-520112+m52-candidate-520141+m52-candidate-520179+m52-candidate-520199+m52-candidate-520245+m52-candidate-520258+m52-candidate-520305",111:crossfields
m52-candidate-520276,112,520276,m52-advanced-continuation-v1,2,sha256:67effcc7b8da0155291eb6e2af13d2206c2965564d8a5c051107759876529b42,sha256:de425f0b01474456bc10e688be3de42d0caaf78ee686bad7096a197ff72d3dd1,7x7,3,1,4,"B+A+C",2,false,60,Medium,90,ACCEPT,"",0.5000,0.6667,1.3333,2,1,2,1,3,0,0,0,0,0.1173,7,0,false,1,"m52-candidate-520060",112:crossfields
m52-candidate-520277,113,520277,m52-advanced-continuation-v1,2,sha256:d5ec4caa8d3a6dab20585064af9c525c7703e57a90b0e96da3a2d680cce5c3b7,sha256:4e5b0eae058357e8245631a45072089b6a9b8904e476718075aec3fe928373df,7x7,3,1,7,"B+A+C",2,false,60,Medium,90,ACCEPT,"",0.5000,0.6667,1.3333,2,1,2,1,3,0,0,0,0,0.1395,7,0,false,1,"m52-candidate-520025+m52-candidate-520243",113:crossfields
m52-candidate-520282,114,520282,m52-advanced-continuation-v1,2,sha256:134cd70238bdc4db5a6454fc9bb701d461c83bd4522aaca316b348830aa1f3de,sha256:03afd611a199c8321366e85dc9dbe0b4162ac1597ca72d7dedd0df09845563f9,7x7,6,2,2,"A+B+C+D+E+F",64,true,46,Medium,99,ACCEPT,"",0.0000,0.1667,3.5000,6,0,2,2,4,1,0,0,0,0.1076,64,0,false,1,"m52-candidate-520135",114:crossfields
m52-candidate-520284,115,520284,m52-mastery-v1,2,sha256:ca3a8be5b1b188c3c54b73e72e7ae5c2c6ba7943202b4cf7b060e8399de99812,sha256:0f64bde76cc9abbfd3803b125f3c4999ef523933f3e4fffa41eaa0bbb77ff56d,7x7,6,2,2,"A+B+C+D+E+F",64,true,46,Medium,99,ACCEPT,"",0.0000,0.1667,3.5000,6,0,2,2,4,1,0,0,0,0.1132,64,0,false,1,"m52-candidate-520346",115:crossfields
m52-candidate-520285,116,520285,m52-advanced-continuation-v1,2,sha256:112dac2e1da33c52cd5c49b85aac96e6884e738040b84e42a5ac874e1dbfe45b,sha256:959f9d9da9599b03538119ab3789a1dc3d183a66826786882555398e019add72,7x7,3,1,3,"B+A+C",2,false,60,Medium,90,ACCEPT,"",0.5000,0.6667,1.3333,2,1,2,1,3,0,0,0,0,0.1190,7,0,false,1,"none",116:crossfields
m52-candidate-520287,117,520287,m52-mastery-v1,2,sha256:bea321c1767174eb03b55e5463084430c7ef31245baa136b08109dc179a3f6ed,sha256:54a94daea8e5f5356107ec167aceafb0725c3b34ba3ef43c2c681653bad054a8,7x7,6,2,5,"A+B+C+D+E+F",64,true,46,Medium,98,ACCEPT,"",0.0000,0.1667,3.5000,6,0,2,2,4,1,0,0,0,0.1519,64,0,false,1,"m52-candidate-520070+m52-candidate-520108+m52-candidate-520109+m52-candidate-520146+m52-candidate-520161+m52-candidate-520164+m52-candidate-520224+m52-candidate-520236+m52-candidate-520303",117:crossfields
m52-candidate-520289,118,520289,m52-advanced-continuation-v1,2,sha256:4a3016cd32017e456f1585ec5d371167c57ce3ce558f2e4d9796d30eb99294c8,sha256:a25b6032e09fc828e06aa6c77ac83adfd7240552758b6e98c06b662208a478cc,7x7,6,2,3,"A+B+C+D+E+F",64,true,46,Medium,99,ACCEPT,"",0.0000,0.1667,3.5000,6,0,2,2,4,1,0,0,0,0.1304,64,0,false,1,"m52-candidate-520023+m52-candidate-520080+m52-candidate-520092+m52-candidate-520113+m52-candidate-520260",118:crossfields
m52-candidate-520290,119,520290,m52-mastery-v1,2,sha256:e8f922cd78ed1a796b0c297e7e286b6f32826b325163e399206f89f4532380f5,sha256:eb2fce36354ab739afe454f9cf44e1e6e9bb82f70ea60dcf6c57472e54f041c6,7x7,6,2,7,"A+B+C+D+E+F",64,true,46,Medium,98,ACCEPT,"",0.0000,0.1667,3.5000,6,0,2,2,4,1,0,0,0,0.1626,64,1,false,2,"m52-candidate-520047+m52-candidate-520084+m52-candidate-520127+m52-candidate-520140+m52-candidate-520149+m52-candidate-520157+m52-candidate-520173+m52-candidate-520212",119:crossfields
m52-candidate-520294,120,520294,m52-advanced-continuation-v1,2,sha256:c4b0f9c60d8670d45371243702853d3caaf01480d0cd94c123e2846655455cba,sha256:cf5260639870d887a8419d4779469edc1a73166385b8b700b4828b2b39eb78f2,7x7,6,2,6,"A+B+C+D+E+F",64,true,46,Medium,98,ACCEPT,"",0.0000,0.1667,3.5000,6,0,2,2,4,1,0,0,0,0.1566,64,1,false,1,"m52-candidate-520050+m52-candidate-520073+m52-candidate-520116+m52-candidate-520125+m52-candidate-520130+m52-candidate-520167+m52-candidate-520242+m52-candidate-520251+m52-candidate-520263+m52-candidate-520308",120:crossfields
m52-candidate-520295,121,520295,m52-advanced-continuation-v1,2,sha256:11a2ec52389a2061ccc9f78f8168b711355ad0dd0270c31f5d532822eeac4ea9,sha256:32b8acf4fde9ea3a0bd7afe95b3a73d52c0f568d6429b718a4e3cbf36f4ac61a,7x7,5,2,6,"A+B+C+D+E",60,false,37,Normal,98,ACCEPT,"",0.0000,0.2000,2.8000,4,0,1,0,1,0,0,1,0,0.1955,24,0,false,1,"m52-candidate-520054+m52-candidate-520087+m52-candidate-520145+m52-candidate-520163+m52-candidate-520216+m52-candidate-520217+m52-candidate-520334",121:crossfields
m52-candidate-520296,122,520296,m52-mastery-v1,2,sha256:b68390c1dd957c0f72056075d46d342268f9f91c7d00676563414e9cfb1e40d4,sha256:70ee760057a1198127d4d19e2dcabd09058855eb8c8cea96ec6c5a82bd7b79c9,7x7,6,2,5,"A+B+C+D+E+F",64,true,47,Medium,99,ACCEPT,"",0.0000,0.1667,3.3333,5,0,2,2,4,1,0,0,0,0.1455,48,0,false,1,"m52-candidate-520039+m52-candidate-520044+m52-candidate-520058+m52-candidate-520089+m52-candidate-520137+m52-candidate-520144+m52-candidate-520156+m52-candidate-520195+m52-candidate-520229+m52-candidate-520341",122:crossfields
m52-candidate-520298,123,520298,m52-advanced-continuation-v1,2,sha256:9565f187ad2a7207fae5ac8f8bcfbdcbbac4156dee528ace4715f783e2988367,sha256:77d5ccf50bafee965f7730eb4a7da4a8c1309d33e5e8d22b955334da9bcb0265,7x7,3,1,7,"B+A+C",2,false,60,Medium,90,ACCEPT,"",0.5000,0.6667,1.3333,2,1,2,1,3,0,0,0,0,0.1395,7,0,false,1,"m52-candidate-520208",123:crossfields
m52-candidate-520299,124,520299,m52-mastery-v1,2,sha256:de9182e53dfb938a2f76e35f1cad2b8bbaf90a918f7ba6a54b86276848c11a21,sha256:4d22f2a0e3c657bdd2c6deaef6aa6773f3eb43bc42f44766d57cc95880327a05,7x7,6,2,6,"A+B+C+D+E+F",64,true,49,Medium,98,ACCEPT,"",0.0000,0.1667,3.0000,5,0,2,2,4,1,0,0,0,0.1566,48,0,false,2,"m52-candidate-520022+m52-candidate-520032+m52-candidate-520177+m52-candidate-520266+m52-candidate-520269+m52-candidate-520314",124:crossfields
m52-candidate-520301,125,520301,m52-advanced-continuation-v1,2,sha256:cdf780171c9febf0ff8400acb9fcfe5ed36d5c1b7ed48f77ef0ef0b7f572fc41,sha256:11c9d476194454afc19514087f73d1150963060c2cc084ac97192468865e357f,7x7,4,1,3,"A+B+C+D",4,false,67,Hard,88,ACCEPT,"",0.6000,0.5000,1.5000,2,2,2,2,4,0,0,0,0,0.1084,15,0,false,1,"m52-candidate-520340",125:crossfields
m52-candidate-520303,126,520303,m52-advanced-continuation-v1,2,sha256:50b83cc0ca9b845d5f60e9ab2cfdcf38ebce97392aca9e518317655442445215,sha256:0a92697b780f65a3557973363d5b6b9fb7ee2423d8c33c8415829cd519687dd8,7x7,6,2,5,"A+B+C+D+E+F",64,true,46,Medium,99,ACCEPT,"",0.0000,0.1667,3.5000,6,0,2,2,4,1,0,0,0,0.1487,64,0,false,1,"m52-candidate-520070+m52-candidate-520108+m52-candidate-520109+m52-candidate-520146+m52-candidate-520161+m52-candidate-520164+m52-candidate-520224+m52-candidate-520236+m52-candidate-520287",126:polarity-chains
m52-candidate-520305,127,520305,m52-mastery-v1,2,sha256:7250b7042b3a73ed11abe29bb56b211de42328f7d03610d8cb70d515ed5ad87b,sha256:7c6a1fa13e86ad56f05f89fe72c4e3b20d61231d99a321632a484db48c260084,7x7,6,2,6,"A+B+C+D+E+F",64,true,48,Medium,98,ACCEPT,"",0.0000,0.1667,3.1667,5,0,2,1,3,1,1,0,1,0.1593,48,1,false,2,"m52-candidate-520030+m52-candidate-520031+m52-candidate-520037+m52-candidate-520038+m52-candidate-520081+m52-candidate-520095+m52-candidate-520110+m52-candidate-520112+m52-candidate-520141+m52-candidate-520179+m52-candidate-520199+m52-candidate-520245+m52-candidate-520258+m52-candidate-520275",127:polarity-chains
m52-candidate-520307,128,520307,m52-advanced-continuation-v1,2,sha256:61d3366303ecc15455f87153fb39e3e2ced5483404cf29b67834b4802f59340e,sha256:f9dda6639e42d3718189806ea9334783619d1e9c1279f81157123ff2367d3935,7x7,5,2,7,"A+B+C+D+E",60,false,38,Normal,98,ACCEPT,"",0.0000,0.2000,2.8000,4,0,1,0,1,0,0,1,0,0.2121,24,0,false,1,"m52-candidate-520250+m52-candidate-520324+m52-candidate-520348",128:polarity-chains
m52-candidate-520308,129,520308,m52-mastery-v1,2,sha256:7f8ff01747928bd603d25eb27a8604b7be575b43ea9d25df624d8844f44597b3,sha256:12b86e16e139b029d476681315e0aa2fa99cc9698cb56106f2c99ca046e82e07,7x7,6,2,6,"A+B+C+D+E+F",64,true,46,Medium,98,ACCEPT,"",0.0000,0.1667,3.5000,6,0,2,2,4,1,0,0,0,0.1593,64,1,false,1,"m52-candidate-520050+m52-candidate-520073+m52-candidate-520116+m52-candidate-520125+m52-candidate-520130+m52-candidate-520167+m52-candidate-520242+m52-candidate-520251+m52-candidate-520263+m52-candidate-520294",129:polarity-chains
m52-candidate-520311,130,520311,m52-mastery-v1,2,sha256:cca46edd92d249b5f33ffffe9659b8de0163c3e916350f7b8862e8eb6e80efa8,sha256:cc38f2cb32003ed5f98049840767ba0960c48429b0441ddef0c07eae5f829887,7x7,6,2,4,"A+B+C+D+E+F",64,true,49,Medium,99,ACCEPT,"",0.0000,0.1667,3.0000,5,0,2,2,4,1,0,0,0,0.1338,48,1,false,1,"m52-candidate-520005+m52-candidate-520074+m52-candidate-520077+m52-candidate-520105+m52-candidate-520119+m52-candidate-520185+m52-candidate-520206+m52-candidate-520235",130:polarity-chains
m52-candidate-520314,131,520314,m52-mastery-v1,2,sha256:6d19d32df12b489f329f421a5bc8a519a72f15642957425636b010f21c7f63b1,sha256:931c2290e0c1d5ed194f440d70a54dda282ee8078f2e7491eab19139a0c19a49,7x7,6,2,6,"A+B+C+D+E+F",64,true,46,Medium,99,ACCEPT,"",0.0000,0.1667,3.5000,6,0,2,2,4,1,0,0,0,0.1456,64,1,false,2,"m52-candidate-520022+m52-candidate-520032+m52-candidate-520177+m52-candidate-520266+m52-candidate-520269+m52-candidate-520299",131:polarity-chains
m52-candidate-520317,132,520317,m52-mastery-v1,2,sha256:d80ca2cd3c0bd4757efeb00b97b097931674184137abf0ffb53185f5e4007704,sha256:e02b2bf8ff0d089fa5b046ec01b22927fb2a664a15ec863731f86a74921fa612,7x7,6,2,4,"A+B+C+D+E+F",64,true,46,Medium,99,ACCEPT,"",0.0000,0.1667,3.5000,6,0,2,2,4,1,0,0,0,0.1338,64,1,false,1,"m52-candidate-520099+m52-candidate-520194",132:polarity-chains
m52-candidate-520319,133,520319,m52-advanced-continuation-v1,2,sha256:bc10e48bfa5666047c6c2f360fdd99ebf8dfac200f38a063ce8bab2f51667968,sha256:36e1b2f30072b316fd4dc22ceb195f95df8385323711d9819ad2aa55ff0cc667,7x7,6,2,2,"A+B+C+D+E+F",64,true,46,Medium,99,ACCEPT,"",0.0000,0.1667,3.5000,6,0,2,2,4,1,0,0,0,0.1076,64,1,false,1,"m52-candidate-520002+m52-candidate-520033+m52-candidate-520268",133:polarity-chains
m52-candidate-520321,134,520321,m52-advanced-continuation-v1,2,sha256:aca984f59b7ef4e0a8f6e10f93ccddb0910e5701553c220d111997f4928c4330,sha256:7e8a26240da5051dfa95be5b237b28cfac7041368cb4dbbcd89ccc8f34afe2d1,6x6,3,1,6,"B+A+C",2,false,61,Hard,89,ACCEPT,"",0.5000,0.6667,1.3333,2,1,2,1,3,0,0,0,0,0.1667,7,0,false,1,"m52-candidate-520055",134:polarity-chains
m52-candidate-520322,135,520322,m52-advanced-continuation-v1,2,sha256:0ae4b72c31a36d678f73eaff16d151d49e0e011bd74da5e8268f203c89b3002a,sha256:94bfbaddca4a7e7e6e266bd91e922b3ae23458d47b87a6cf9c03b1c4ba74760f,6x6,3,1,6,"B+A+C",2,false,61,Hard,89,ACCEPT,"",0.5000,0.6667,1.3333,2,1,2,1,3,0,0,0,0,0.1667,7,0,false,1,"m52-candidate-520225",135:polarity-chains
m52-candidate-520323,136,520323,m52-mastery-v1,2,sha256:6936ffac3ad61c0adc81f1727ecf13e062604f4dc28ba31a7e2187bca448b621,sha256:e1b992e4bd5f903c455218f8136b825b5479032f76b229fec5116338d8e3d720,7x7,6,2,7,"A+B+C+D+E+F",64,true,46,Medium,98,ACCEPT,"",0.0000,0.1667,3.5000,6,0,2,2,4,1,0,0,0,0.1673,64,1,false,1,"m52-candidate-520068+m52-candidate-520114+m52-candidate-520155+m52-candidate-520166+m52-candidate-520176+m52-candidate-520196+m52-candidate-520221+m52-candidate-520233+m52-candidate-520241+m52-candidate-520332",136:polarity-chains
m52-candidate-520324,137,520324,m52-advanced-continuation-v1,2,sha256:4dfdd25f2b637a3e2d4fd6361cba68edbfb2e26e219bbf5573d73a12b903a2bf,sha256:5c459c52a04ebd049daef81b1bf8f649b748eef4dceb0dc3f87d0883bb460335,7x7,5,2,7,"A+B+C+D+E",60,false,38,Normal,98,ACCEPT,"",0.0000,0.2000,2.8000,4,0,1,0,1,0,0,1,0,0.2066,24,0,false,1,"m52-candidate-520250+m52-candidate-520307+m52-candidate-520348",137:polarity-chains
m52-candidate-520328,138,520328,m52-advanced-continuation-v1,2,sha256:0d78767449449b6fe35aa13c528fde768f3cb1d43b47d959ed41a6147bd8cd47,sha256:32660ad15895b351746cf0a5a3b2ba4a72a856d6c667b4940da6e74d727c3b13,7x7,6,2,4,"A+B+C+D+E+F",64,true,46,Medium,99,ACCEPT,"",0.0000,0.1667,3.5000,6,0,2,2,4,1,0,0,0,0.1376,64,0,false,1,"m52-candidate-520014+m52-candidate-520024+m52-candidate-520026+m52-candidate-520062+m52-candidate-520083+m52-candidate-520103+m52-candidate-520152+m52-candidate-520200+m52-candidate-520211+m52-candidate-520257+m52-candidate-520272+m52-candidate-520338",138:polarity-chains
m52-candidate-520329,139,520329,m52-mastery-v1,2,sha256:fe23ed2edbed93e05ebdf9f4200bf901ce2d59810dc4df5cc2404d40f7a532c3,sha256:70e5f8474077ff47af6d06f72025b2b821220d94e9e7d3303cacd67c68be57d3,7x7,6,2,8,"A+B+C+D+E+F",64,true,49,Medium,98,ACCEPT,"",0.0000,0.1667,3.0000,5,0,2,2,4,1,0,0,0,0.1799,48,0,false,1,"m52-candidate-520059+m52-candidate-520086+m52-candidate-520122+m52-candidate-520128+m52-candidate-520347",139:polarity-chains
m52-candidate-520332,140,520332,m52-mastery-v1,2,sha256:a3cce57d1e147708ad23f9f9181b60367125b3c06002674262efe4b588a25755,sha256:14a6a6c7b0ef92b4a18546d9953a7e40b9f37531244bcaf892e766e610531148,7x7,6,2,7,"A+B+C+D+E+F",64,true,46,Medium,98,ACCEPT,"",0.0000,0.1667,3.5000,6,0,1,2,3,1,1,0,1,0.1697,64,1,false,1,"m52-candidate-520068+m52-candidate-520114+m52-candidate-520155+m52-candidate-520166+m52-candidate-520176+m52-candidate-520196+m52-candidate-520221+m52-candidate-520233+m52-candidate-520241+m52-candidate-520323",140:polarity-chains
m52-candidate-520333,141,520333,m52-advanced-continuation-v1,2,sha256:c4c4eaa1745b39142586564107b1b163583f7e3ce6c85795b180130f5708220e,sha256:e2171160e5671bd66bca01b0625a74793f585cd25763131fa410f1232be26a31,6x6,3,1,6,"B+A+C",2,false,61,Hard,89,ACCEPT,"",0.5000,0.6667,1.3333,2,1,2,1,3,0,0,0,0,0.1667,7,0,false,1,"m52-candidate-520261",141:mastery-set
m52-candidate-520334,142,520334,m52-advanced-continuation-v1,2,sha256:271da1c3a94646f5c974efae41bdc50676abfada598131aea0cdcdc041640fd1,sha256:26993b4d6983407e92c842fac0354f76c1d7d744a70d834482da3191714d4424,7x7,5,2,6,"A+B+C+D+E",60,false,37,Normal,98,ACCEPT,"",0.0000,0.2000,2.8000,4,0,1,0,1,0,0,1,0,0.1987,24,0,false,1,"m52-candidate-520054+m52-candidate-520087+m52-candidate-520145+m52-candidate-520163+m52-candidate-520216+m52-candidate-520217+m52-candidate-520295",142:mastery-set
m52-candidate-520338,143,520338,m52-mastery-v1,2,sha256:12540408ef024f60f3eebf3d0675a25d013db1c9b3bd3052d890f0cadd9f0bbc,sha256:894c8fc94050beac30370176ba192acb441ac3a9cccde75bd7b3b0e6baf706bb,7x7,6,2,4,"A+B+C+D+E+F",64,true,46,Medium,99,ACCEPT,"",0.0000,0.1667,3.5000,6,0,2,2,4,1,0,0,0,0.1414,64,6,false,1,"m52-candidate-520014+m52-candidate-520024+m52-candidate-520026+m52-candidate-520062+m52-candidate-520083+m52-candidate-520103+m52-candidate-520152+m52-candidate-520200+m52-candidate-520211+m52-candidate-520257+m52-candidate-520272+m52-candidate-520328",143:mastery-set
m52-candidate-520340,144,520340,m52-advanced-continuation-v1,2,sha256:d31387fb3994c773646f00e947c214f472317e727fbdb41dbc4710c6dd7536ad,sha256:0b500eb24ec3b6b114c2320acd98b7ae4771696a13b214a342edbbd442223fa9,7x7,4,1,3,"A+B+C+D",8,false,59,Medium,95,ACCEPT,"",0.2000,0.2500,2.0000,3,1,2,1,3,0,1,0,1,0.1173,14,1,false,1,"m52-candidate-520301",144:mastery-set
m52-candidate-520341,145,520341,m52-mastery-v1,2,sha256:3799fef93a6d602562e1cde1d4e4dd3ef002e0c15ca5bd8396050b6965020cbd,sha256:035a5b5375d5602ba89f7fac498d52320620aca57375ddb75c7d2c9f1589bbc6,7x7,6,2,5,"A+B+C+D+E+F",64,true,46,Medium,99,ACCEPT,"",0.0000,0.1667,3.5000,6,0,2,2,4,1,0,0,0,0.1359,64,8,false,2,"m52-candidate-520039+m52-candidate-520044+m52-candidate-520058+m52-candidate-520089+m52-candidate-520137+m52-candidate-520144+m52-candidate-520156+m52-candidate-520195+m52-candidate-520229+m52-candidate-520296",145:mastery-set
m52-candidate-520343,146,520343,m52-advanced-continuation-v1,2,sha256:0b44d992ecbc9c79ebfb6e106a92a1bb398cd1b49da28691818ce9c4fcf64b99,sha256:de6536ab15ba67add1310ed1137084df343c27d319758bce67b4875acb7dfc9b,7x7,3,1,7,"B+A+C",2,false,60,Medium,90,ACCEPT,"",0.5000,0.6667,1.3333,2,1,2,1,3,0,0,0,0,0.1441,7,0,false,1,"none",146:mastery-set
m52-candidate-520344,147,520344,m52-mastery-v1,2,sha256:57b4ed96975b529ea45d9db9fda17a0a5a748bcac834380ae0d9d51c078737dd,sha256:2c0fe5c898f554ff14b16e462a037cc629f48f9745b1784cd5c66cccda9eac88,7x7,6,2,5,"A+B+C+D+E+F",64,true,46,Medium,98,ACCEPT,"",0.0000,0.1667,3.5000,6,0,2,1,3,1,1,0,1,0.1519,64,6,false,1,"m52-candidate-520017+m52-candidate-520035+m52-candidate-520063+m52-candidate-520065+m52-candidate-520101+m52-candidate-520265",147:mastery-set
m52-candidate-520346,148,520346,m52-advanced-continuation-v1,2,sha256:22efefe03c38901af2d99129ce7858d726164c6b6a9f2aa510cf2c48fd99b74f,sha256:5a1287fb7956f33de6724ccd3934e87234b52face2433ebbe3a091990f53fdcc,7x7,6,2,2,"A+B+C+D+E+F",64,true,46,Medium,99,ACCEPT,"",0.0000,0.1667,3.5000,6,0,2,2,4,1,0,0,0,0.1132,64,5,false,1,"m52-candidate-520284",148:mastery-set
m52-candidate-520347,149,520347,m52-mastery-v1,2,sha256:90600a9a9f46249b737cb629461be26524ac65cd75a676c24aa64a7f5d79b737,sha256:faec89f1a1df5ff2eecef9435df48ad0518a707b21ea0e7fb58610bb7c5716c6,7x7,6,2,8,"A+B+C+D+E+F",64,true,49,Medium,98,ACCEPT,"",0.0000,0.1667,3.0000,5,0,2,2,4,1,0,0,0,0.1716,48,8,false,1,"m52-candidate-520059+m52-candidate-520086+m52-candidate-520122+m52-candidate-520128+m52-candidate-520329",149:mastery-set
m52-candidate-520348,150,520348,m52-advanced-continuation-v1,2,sha256:a5927ec066a2f69527c190a46e5e98fe623274a1c344b0ac9afeb4d662b8b50d,sha256:b1360c043e3c0e07ca53a169644134141d8826de2bdecbb89f378b71c515428b,7x7,5,2,7,"A+B+C+D+E",60,false,38,Normal,98,ACCEPT,"",0.0000,0.2000,2.8000,4,0,1,0,1,0,0,1,0,0.2038,24,3,false,1,"m52-candidate-520250+m52-candidate-520307+m52-candidate-520324",150:mastery-set
