id,profile,seed,fingerprint,attempts,elapsedMillis,v4Score,safeChoiceRatio,orderingDepth,dependencyDepth,interactionDensity,relevantObjectRatio
infinite-v1-easy-0001,v5-easy,201600046,sha256:36bb3a0ec158883c6588f79b64021035c55392a243256623b998689ece0b9130,1,19,50,0.7778,2,3,0.1667,0.5556
infinite-v1-medium-0002,v5-medium,105600028,sha256:e9fec2fc909fe8fe0f113344982e58c58c9153068960fa7c4786d54517136914,3,37,48,0.8,2,4,0.3929,0.75
infinite-v1-hard-0003,v5-hard,979600220,sha256:d037d205124bc0de78c77535f996b3d56a5cf4880d18daa6fd9ccde43a9b3e21,6,166,38,0.875,3,3,0.3889,0.7778
infinite-v1-easy-0004,v5-easy,204600055,sha256:91ecd3df12e630cc0f5dba15506f47cc8d6cc07be1a1fcdddcdbfffdee51b66f,2,7,59,0.7778,4,6,0.5714,1.0
infinite-v1-medium-0005,v5-medium,205600058,sha256:5aa7efee40f7df8f1971e8804d59d810f092ce09377993e332a5bb70ba124b8d,7,19,38,0.7778,2,3,0.25,0.625
infinite-v1-hard-0006,v5-hard,2243600502,sha256:0ce7c1dcb738ef1c3888343d974d423e69079670f92283abe614a505fbdbd85c,4,93,37,0.7895,2,3,0.2444,0.8
infinite-v1-easy-0007,v5-easy,401600106,sha256:fd73fe7951f0e8f855a71000bb850ec67190d3e704d3d700bd4e9237087af418,3,28,56,0.6667,3,5,0.5714,0.8571
infinite-v1-medium-0008,v5-medium,111600046,sha256:c2d198cb86cee3ec9985ec277f4e5c81a7f38737e40e2f35ebc9dad0715a468b,4,15,38,0.7778,2,3,0.1273,0.4545
infinite-v1-hard-0009,v5-hard,1470600343,sha256:f62ec36d4e9e1b17bbb9916e031060f5fba28f286546272aa1f6d388dbc68d96,1,36,58,0.7447,2,6,0.3182,0.6667
infinite-v1-easy-0010,v5-easy,501600136,sha256:39fa9756d15eee5039315ca8759c47c0ab65b08cd2d1bc5b77252950cfefc01a,4,2,49,0.7778,2,3,0.4667,1.0
infinite-v1-medium-0011,v5-medium,211600076,sha256:2e15c429639b4c6808bae7aced3ae1f9d323b832792571792205c561473deb7d,6,28,62,0.7778,3,7,0.5833,0.8889
infinite-v1-hard-0012,v5-hard,115600058,sha256:9d599ffcd7fe70dc76f182325f4dbe50fd4f32dd3c7235d10cc19571553837bb,4,119,40,0.8,2,4,0.3571,0.75
infinite-v1-easy-0013,v5-easy,213600082,sha256:9ed0a0f9829fd9fe461cf361eee49a6d05eba58e591ed12297a346cb8e6981f2,4,17,43,0.8462,2,4,0.4643,1.0
infinite-v1-medium-0014,v5-medium,796600211,sha256:e9382652702b426b9b4e5f6552bcd90643a41b174e09ba78be6b0b80df914324,1,4,31,0.8333,2,3,0.5238,1.0
infinite-v1-hard-0015,v5-medium,312600109,sha256:14b27e62d2c236f0bd2a1b0b8ec04c8881c5612594213acc0a03cc4c7980365c,1,7,33,0.8333,2,3,0.6667,1.0
infinite-v1-easy-0016,v5-easy,119600070,sha256:a5a1e9d7a56ae2005bea64bd818914a3bd18f80b5f616c89c882d8c363aab7ba,7,2,63,0.75,2,4,0.381,0.7143
infinite-v1-medium-0017,v5-medium,314600115,sha256:e43753992bfe8bb33cc13b0731586cffb51d16ec981bbe0e270628897692085e,6,44,25,0.9091,2,3,0.1538,0.5
infinite-v1-hard-0018,v5-medium,509600160,sha256:9ead7dd8c5f99f823956191d6826f7fd60c5124712d59a404d5e7659127dee7b,8,31,31,0.8824,2,5,0.5714,1.0
infinite-v1-easy-0019,v5-easy,413600142,sha256:3aefec99ea6c20f1cb006eb511a0b75e84d782e7626b08806cc1275740f23580,1,5,17,0.9,1,4,0.2667,0.7
infinite-v1-medium-0020,v5-medium,26600061,sha256:ec7980d77a93890ad835a803c4b270ed46a74d5c604528e4040a010942636840,4,4,38,0.8333,2,5,0.5238,0.8571
infinite-v1-hard-0021,v5-hard,900600253,sha256:1e5a4828e2ca3471f0035ef3ec16219ea659638a9ab8ae7cefc6dc2d5f36ac40,3,14,43,0.8592,2,4,0.5278,0.8889
infinite-v1-easy-0022,v5-easy,707600214,sha256:4e066f6805ed2ad678f92f6598e9b9b26ffeeb6ea4ea547bd16e706024681be5,8,11,51,0.7778,2,3,0.3333,0.8571
infinite-v1-medium-0023,v5-medium,29600070,sha256:5c79ed4ecd06830ba360aa1793e5c6fc85a65ff3ffa630cbef530d02af584189,4,6,27,0.8333,2,3,0.3056,0.6667
infinite-v1-hard-0024,v5-medium,127600094,sha256:604aa074324d2e39b812964efd4abe3cfa1afbbd3a161388016a9a2928c46bcf,4,34,46,0.8667,2,5,0.5556,0.8889
infinite-v1-easy-0025,v5-easy,225600118,sha256:624555b2801f207676e77bc7395fd42b7953b7b4cb18fa15babe529c132e6b39,4,2,32,0.8333,2,3,0.2222,0.5556
infinite-v1-medium-0026,v5-medium,226600121,sha256:c1e20f60fcb8b082aafa2a0aaff1970738f56e3348a516078accb1ec7d58988d,8,11,29,0.9,2,5,0.5714,1.0
infinite-v1-hard-0027,v5-hard,1488600397,sha256:98715dc40197fa40685a90234d2625472537aead84947491828d8fc7ab116a93,7,78,32,0.875,3,6,0.2051,0.6154
infinite-v1-easy-0028,v5-easy,131600106,sha256:325250eaff9d13c774162baf70ee68052a7abfc69db0dd10fb7e5e9e1357a555,1,12,6,0.9189,1,5,0.4722,0.7778
infinite-v1-medium-0029,v5-medium,35600088,sha256:0ed96e58c46d07afe774ad036c2d8e59727e1c49ce55f6f288ac7da1f04c9e6e,5,6,51,0.8333,3,4,0.1667,0.5
infinite-v1-hard-0030,v5-hard,133600112,sha256:efcd7035aa4da7ba5d5511219a3135201040b65e4d391addc3b329319ace96c9,8,125,40,0.875,3,5,0.5357,1.0
infinite-v1-easy-0031,v5-easy,37600094,sha256:1d7c17a4f77d11a51ca4905767e015381d21118b1d32b8e925d8372f3ad7b7b4,8,16,31,0.9091,2,4,0.2545,0.6364
infinite-v1-medium-0032,v5-medium,814600265,sha256:13c741f55b9d36b87ec54547e732aa3c54a1f937559110e3211bb2136a0e7104,5,56,31,0.8696,3,6,0.4545,0.9091
infinite-v1-hard-0033,v5-medium,233600142,sha256:5110af852a23496798c5cce6e63621a2d516fb5625ff98c94f71c203fe6483de,2,2,40,0.7778,2,3,0.25,0.625
infinite-v1-easy-0034,v5-easy,40600103,sha256:039647f70399b1b214204c4485a4bfd95f64c0b4ab099a6420f165b1ab668f4d,8,9,32,0.8333,2,3,0.3056,0.7778
infinite-v1-medium-0035,v5-medium,138600127,sha256:b9b360e2e4338fe8b10e706629ddf5b58a59d2e3a7d7deadc30326c1a57eddef,5,33,29,0.8551,2,4,0.3333,0.9
infinite-v1-hard-0036,v5-hard,1109600340,sha256:231e3617d9947584601eedef38ad3093ccb8be9d81d494d6c54338e191e7e810,7,193,33,0.84,2,4,0.5238,1.0
infinite-v1-easy-0037,v5-easy,625600238,sha256:c33698ac59128c4320846304045773bb48a54b592ea3f4378e68765dbf95d3a4,5,14,38,0.85,2,5,0.5714,0.875
infinite-v1-medium-0038,v5-medium,44600115,sha256:349f2ccf923ef3e894e885401c57f0954178390f23df4f0ca21e381d376a1c0c,1,7,52,0.7931,3,5,0.4722,0.7778
infinite-v1-hard-0039,v5-hard,433600202,sha256:8368a9e4629e8e87eb5e1c79b26ae570b3f19adb6dcab0fd18aad735ec64dba4,6,51,26,0.8571,2,4,0.2444,0.7
infinite-v1-easy-0040,v5-easy,531600226,sha256:f1a3a0f6a0806e0f8ab63ca4cd99a06e8267aa44524ce90183e0c690dc2fd05e,2,7,32,0.8333,2,3,0.2222,0.6
infinite-v1-medium-0041,v5-medium,435600208,sha256:4c131d4d7067d2ab55fccd6a6380cef7f1d950a1b0f566adf8d06b9b9c777c22,2,3,48,0.7778,2,3,0.3333,0.7143
infinite-v1-hard-0042,v5-hard,145600148,sha256:9e8303513223a40ad1efd105f975ac96566eb6af837b82146a3b70e7ce9c630c,7,49,27,0.8333,2,3,0.2444,0.7
infinite-v1-easy-0043,v5-easy,49600130,sha256:ae2af1949063331a1eea20ded8cd7762aa58be8c52166d0e1f50e36f55338dfa,3,5,47,0.8333,3,4,0.2667,0.7
infinite-v1-medium-0044,v5-medium,147600154,sha256:d41e5cac7a493e25e7dc3db23cb91eea00e3d7a3da58ab182d90d6640cf02e26,2,14,41,0.8571,2,6,0.4444,0.8889
infinite-v1-hard-0045,v5-hard,827600304,sha256:7baabd19aaeeeaf4392fbc304b5bec58acc81be8818816ed0e848664ddab3841,7,11,40,0.8333,3,4,0.3056,0.6667
infinite-v1-easy-0046,v5-easy,52600139,sha256:0f1b10ec5a24cf3544e59851eb78bce1aa11149592db97d8a31a0f4f7ee8710f,5,7,39,0.7778,2,3,0.1944,0.5556
infinite-v1-medium-0047,v5-medium,53600142,sha256:ed13ac7028d28d6a0fbb0a46742692432738f40b2816cd0ceeed11e8077a5be0,3,14,30,0.875,3,6,0.3556,0.7
infinite-v1-hard-0048,v5-medium,151600166,sha256:81f5a714ffcd3c19f636e2f3f6b947956dbb79bd0f7059a806bdba94e8a8aa74,4,8,35,0.8929,2,4,0.2889,0.8
infinite-v1-easy-0049,v5-easy,1995600568,sha256:86ffe3c52c5f9e8c7188465efecd56cb19eb6b35ffaa735ab0aa0b3be580d57b,1,12,28,0.8667,2,4,0.2545,0.6364
infinite-v1-medium-0050,v5-medium,444600235,sha256:8cd1a7f5d37b93ea18c287b7880495bb3eee893180988ca7c765be7da72daa46,1,9,26,0.8333,2,3,0.1667,0.5
infinite-v1-hard-0051,v5-medium,639600280,sha256:b893beecb46f4662e4103da3176514fec5233f8db1f38df25cbc1dd5098ec460,3,13,39,0.7778,2,3,0.4667,0.8333
infinite-v1-easy-0052,v5-easy,1707600514,sha256:ffaf8e42cba3cb36fefb097a7cba985dedb55b1ccc1a6124a4c8989f79017636,4,6,47,0.8333,3,4,0.2182,0.6364
infinite-v1-medium-0053,v5-medium,350600223,sha256:b638c889a9a7433d1a3b0b46e2441380cf115f4cb672afae4ffff0e7ec69f64a,3,15,40,0.875,3,4,0.3091,0.7273
infinite-v1-hard-0054,v5-hard,642600289,sha256:d744f216b2cea97388a5f95b17db0504cd566c45b9c90a1f6fa1dd7c11cd88b5,7,19,39,0.875,3,3,0.3333,0.9
infinite-v1-easy-0055,v5-easy,158600187,sha256:be788e5ebe5d5caca006c4615bd92432623d3f164343cb6da4e115f3a12b8bfe,7,6,38,0.8333,2,3,0.2444,0.7
infinite-v1-medium-0056,v5-medium,450600253,sha256:cb50b6fe14f3135e3562bc50165b07636f1bfdc37154ccb17a527b3c8a9f8bfa,1,14,47,0.7931,3,5,0.2308,0.6154
infinite-v1-hard-0057,v5-hard,2003600592,sha256:2e71409929d67974691be2d3df84bc993f25bbe9185b840d29aad2d1c39b8f2d,3,7,38,0.8333,2,3,0.3056,0.7778
infinite-v1-easy-0058,v5-easy,258600217,sha256:7603e3c8bdc644fd68d40186d5520bbdce4e6e3ebcc1f80f4caad884816d6d9f,7,12,22,0.9286,2,6,0.4722,0.7778
infinite-v1-medium-0059,v5-medium,1229600430,sha256:5a267be42d7f0c893f0720b47b341de3bb515734f1ec8bea3c17178e4fb059a8,1,3,49,0.7778,2,3,0.1455,0.4545
infinite-v1-hard-0060,v5-hard,454600265,sha256:688cd35ee92e01214d9be3691545a1e1b91e97612c5483d624baca7516489eba,2,4,36,0.8824,2,4,0.3929,0.75
infinite-v1-easy-0061,v5-easy,843600352,sha256:d1524444336e83c2b1ae08fd02c802559d37c688b3e9e4c121f3e21f4e4b4726,6,5,39,0.7778,2,3,0.1556,0.6
infinite-v1-medium-0062,v5-medium,165600208,sha256:51bfb56e288dda998ac3c9e64e6f717f3b693f20d7b824a10922bfa43d3f76f6,4,3,47,0.7778,2,3,0.1333,0.5
infinite-v1-hard-0063,v5-hard,263600232,sha256:ca71014b2a1c808187447958673b909b294b9a5812d4505034e15ffdde476ab3,7,47,29,0.875,3,4,0.2424,0.5833
infinite-v1-easy-0064,v5-easy,70600193,sha256:f923e7f753157c20c9a29570de5ac8086688be70286060a26f69c4de58d15d31,7,3,42,0.7778,2,3,0.6,1.0
infinite-v1-medium-0065,v5-medium,362600259,sha256:a02634f78706d80f93de42e19deae3aec80748657ac8747a078debb9ebe00825,3,3,49,0.7778,2,3,0.1273,0.4545
infinite-v1-hard-0066,v5-medium,654600325,sha256:c52513249609e86d0ba53735524f6d4a8794e61df7b46b4a601ea6bd1ed6a76a,3,26,44,0.7692,5,6,0.5,0.875
infinite-v1-easy-0067,v5-easy,170600223,sha256:35d169175bac80f7e3c92b0b2558115aa1dcd2d701957593ec1718853bd46b48,3,3,36,0.8333,2,4,0.4667,0.8333
infinite-v1-medium-0068,v5-medium,171600226,sha256:568cf29d98354b9732234b403167fada1bd4d16400181c5d53977c5709586e37,2,11,47,0.8537,2,5,0.3778,0.6
infinite-v1-hard-0069,v5-hard,657600334,sha256:8c65e9b12f5d0a798228a6d445b3b4aa6b0ff5b678fa019ba964cab965ba3034,5,33,29,0.8333,2,3,0.1667,0.5833
infinite-v1-easy-0070,v5-easy,561600316,sha256:ac1629ae8212df8d5de75d2b6f0cc92e1157b033608aeb64e5fe2f2dca3048ef,5,5,32,0.8333,2,3,0.2222,0.6
infinite-v1-medium-0071,v5-medium,756600361,sha256:c08149e742519a3ac20f68117e8584aba5a3c84a65d99d6a37a3374ef65bf0bb,8,41,55,0.7778,2,5,0.3636,0.7273
infinite-v1-hard-0072,v5-hard,78600217,sha256:114d8ea202376b5e5eb929e226717d106b937284214a1fef657fb460168bb18a,3,29,35,0.8824,2,4,0.1667,0.5833
infinite-v1-easy-0073,v5-easy,370600283,sha256:7b99483086a7c9fdba800942809142261aa6b76b6e9ec1471f7e93a40a2e3ac7,5,3,36,0.8333,2,3,0.4286,1.0
infinite-v1-medium-0074,v5-medium,371600286,sha256:cb2f6c16488b0762acd90d01c455721a3d6ff46790d27b01444c961eb6922cd2,4,7,51,0.75,3,3,0.4,0.8333
infinite-v1-hard-0075,v5-hard,2118600667,sha256:dc401e2488ee60e172477882121dc8c750f74191f6eee2b8a2049b9dd483665f,1,15,40,0.875,3,3,0.1795,0.6154
infinite-v1-easy-0076,v5-easy,276600271,sha256:8f03d9e1965726ee095d1aecc6d1fc33cc99e5acda4226dfd5ef056493315b79,5,3,25,0.8824,2,4,0.4762,0.8571
infinite-v1-medium-0077,v5-medium,180600253,sha256:bcd867514d0a616d61f473db3bf62d5a387c6f9fa1bd7341b27b6284ba4f7f7e,7,21,36,0.875,3,4,0.2179,0.6923
infinite-v1-hard-0078,v5-hard,278600277,sha256:c3063724ae78af0f2e9e1289c869d362da7370b4d9f9e70282b4b820ab727572,8,65,36,0.8333,2,3,0.4286,0.75
infinite-v1-easy-0079,v5-easy,570600343,sha256:153b9b884f77b9ae5f35e574fe8d59a04a5a7ffff3a334ef26011b12a327572f,8,22,36,0.8333,2,5,0.2182,0.7273
infinite-v1-medium-0080,v5-medium,86600241,sha256:bec04222137e20d9871b161deaaa6c6979e39a278477dfadcfd7101a5b8fcccb,6,13,31,0.9091,2,3,0.3111,0.6
infinite-v1-hard-0081,v5-hard,1154600475,sha256:ad397d84fd6a652dfc0475e22e064c37ac8401fc636b86b8648a020e8a7ae140,1,46,50,0.7105,4,6,0.3205,0.7692
infinite-v1-easy-0082,v5-easy,185600268,sha256:c271fbca66c76aab9ad096a53da8b3550cbe07c734a5127d7a4cc6b7df79fc85,8,7,38,0.8333,2,3,0.2444,0.6
infinite-v1-medium-0083,v5-medium,186600271,sha256:f9c6b8fc810bbd0aaef509f676e01612bcacebcee0fb36ef40385287d42de459,3,17,34,0.8462,2,4,0.2424,0.6667
infinite-v1-hard-0084,v5-hard,1642600589,sha256:6268255910bfeb95dae8d813670c71c80438e8b7b7d92a0d05ab3b465752f426,1,5,29,0.8333,2,3,0.3056,0.6667
infinite-v1-easy-0085,v5-easy,285600298,sha256:18d2e7739418063c78721bd8c88187b8357a7d1a01e3cb5a0e2d524457f9d670,4,15,39,0.8551,2,4,0.3778,0.9
infinite-v1-medium-0086,v5-medium,189600280,sha256:f0eed6623bd7a8606e926e2fee57e392b79d3a191f26b0562c95fb1e467126af,2,10,27,0.8947,2,5,0.4444,0.7778
infinite-v1-hard-0087,v5-medium,481600346,sha256:37c3a8a4f916583bbbfde304ce253e3fe82e5c83c50ac5d83e885888cae78130,8,30,32,0.8596,2,4,0.5357,1.0
infinite-v1-easy-0088,v5-easy,579600370,sha256:733f3bcc716dc8ecbaa4fcb68d76036fd1754c3c218274f333b3a9e4bbbf4731,7,4,46,0.75,3,4,0.1944,0.5556
infinite-v1-medium-0089,v5-medium,580600373,sha256:4dc7286d0166cafc473d96fea0bfadf9fd46b4f271aff9209eabf9ae1b124763,5,3,47,0.7778,2,3,0.25,0.5
infinite-v1-hard-0090,v5-hard,775600418,sha256:3bcd40f49772f1a79d841b98b7d476363bc9bdaa822644de3dd356be0b18dcbc,4,64,34,0.8333,2,4,0.2182,0.6364
infinite-v1-easy-0091,v5-easy,776600421,sha256:4f21bd0c2a8dbccece6f97a127554f7b2c7cbaa5bb36e23baa2aa3627373b686,1,6,39,0.7778,2,3,0.1944,0.5556
infinite-v1-medium-0092,v5-medium,195600298,sha256:cdd79336562acf2bb55d61201b2affe15ecf7a5d28615209256a856d7bfb48bf,6,37,33,0.875,3,4,0.2051,0.6154
infinite-v1-hard-0093,v5-medium,196600301,sha256:169448b0140855a7a442a38611a38fd7fcdadd073a0cae157f82d21afda6deaf,2,20,24,0.9091,2,4,0.4167,0.8889
infinite-v1-easy-0094,v5-easy,100600283,sha256:b8f72c222a557478ea2b791fed36db37461e81419e01d9560105907892724492,6,9,37,0.8333,2,3,0.1667,0.5833
infinite-v1-medium-0095,v5-medium,683600412,sha256:3c313c7741966b8d2a0c6437ff6b1127e38ec63ed533c911a5f796dcea21b0ed,5,17,31,0.9333,2,4,0.3556,0.9
infinite-v1-hard-0096,v5-medium,490600373,sha256:f1552ebc944ae880c55a7eafc9f3fe8779969631313ae11e12d77b7072a3b912,2,15,27,0.8551,2,4,0.4167,0.8889
infinite-v1-easy-0097,v5-easy,103600292,sha256:a5e3fa09a516fcd235f7ca9d2cb03813a1ea8ce071221e92f2899110f0222266,1,6,32,0.8286,2,5,0.5714,1.0
infinite-v1-medium-0098,v5-medium,201600316,sha256:d258e2383d2668e4624be93b0e3a085dd9a9abb13b62c92ab604bdcb7e110034,6,15,26,0.8333,2,5,0.2,0.6364
infinite-v1-hard-0099,v5-hard,1075600508,sha256:39445bfaadb5794cb5eaa43272d26803a941753ec296d4b31467b3b33d70e7dd,7,74,35,0.8333,2,3,0.2444,0.7
infinite-v1-easy-0100,v5-easy,397600364,sha256:6efc1a6e0ae6c70cd75ae876f282f4c785049609243301cb850153eb746a4a7f,8,12,39,0.8333,2,3,0.2222,0.6
infinite-v1-medium-0101,v5-medium,107600304,sha256:4fed348dddf0c51d24127d444ded9403b8b74805aa17700dbe91cd3fb2d31cbf,3,7,29,0.8333,2,3,0.1515,0.5833
infinite-v1-hard-0102,v5-hard,2048600727,sha256:3a9fd29bb7e78742db7b88bd32be45b6a2598f92347adac3fa3ed20cdb75c400,7,12,38,0.8148,2,4,0.2444,0.6
infinite-v1-easy-0103,v5-easy,885600478,sha256:c02ffdff1ad9caab12e083277570c6256e607274293715b4fad922d418a01e16,3,5,49,0.6667,2,3,0.2667,0.6667
infinite-v1-medium-0104,v5-medium,207600334,sha256:c299717515caeecac87532b94033335303e1209982f375de7d47ff55d9f67ca8,7,24,37,0.8333,2,3,0.3056,0.7778
infinite-v1-hard-0105,v5-medium,111600316,sha256:cc01659c8f4f48057c842b650654fa939e6937d3c617132bda4136cad7de9bbf,4,19,40,0.8333,2,3,0.1364,0.5833
infinite-v1-easy-0106,v5-easy,500600403,sha256:30d0d366a51e377b455ec0080885fb4d8df3b128d20d9f4fdb1005fe4a025a90,4,4,34,0.8148,2,4,0.5238,0.8571
infinite-v1-medium-0107,v5-medium,307600364,sha256:7fbbeea05dea28c918718f735e18e75a767ed5ef5590a6df3f8b4fa3ac586bd0,2,22,36,0.8485,2,6,0.6111,1.0
infinite-v1-hard-0108,v5-hard,211600346,sha256:4778c5f659f7e2230ca844be5f83fa1ba17f4b36184319cdbf685e9920997ba0,3,22,40,0.8065,2,4,0.2727,0.8182
infinite-v1-easy-0109,v5-easy,406600391,sha256:8600bffe7ec8c5abbc6edf38d002395e3bc2d3e13bc74dfd4f806f45471e44a5,2,17,30,0.8667,2,4,0.2727,0.6364
infinite-v1-medium-0110,v5-medium,310600373,sha256:a85ce3849c63dafa90b505db158b208e245218abae9325915806483f7eee60a6,1,9,43,0.7667,2,6,0.4444,0.7778
infinite-v1-hard-0111,v5-medium,214600355,sha256:297e2639a5383f1593d0639581f88337494b8271f607e8d035d257f325cbd9a4,4,35,42,0.7333,3,5,0.2051,0.6154
infinite-v1-easy-0112,v5-easy,118600337,sha256:c23e25da3f676f106aef8e7035accafa2f6482c7ef86cce6f589497f97550db8,8,2,39,0.7778,2,3,0.4667,0.8333
infinite-v1-medium-0113,v5-medium,507600424,sha256:5841a5009b2f8c423f7c87d78e5c53b016b8be18e83f30f0e48cd299d54b15d9,6,24,49,0.7333,3,5,0.2909,0.7273
infinite-v1-hard-0114,v5-medium,120600343,sha256:b3eefa07bbd5858d02f178a831c08cc7249b3107e721c1c5ad8b704a0eccdfb3,8,31,37,0.8333,2,3,0.1538,0.6154
infinite-v1-easy-0115,v5-easy,315600388,sha256:e0a1991d27a9f6b61d8c59fb2135850c81ac761cd58510cd31690bb7cb2f83f7,3,4,30,0.8333,2,3,0.2778,0.8889
infinite-v1-medium-0116,v5-medium,316600391,sha256:6236cd884020344b24a298c4b0fa84811022c2d9405972dbc4f6edab34e63716,1,2,50,0.7778,2,3,0.1273,0.5455
infinite-v1-hard-0117,v5-medium,220600373,sha256:b26346db9d7a7362a8edea580f5352d7d9bd574c1d3d28c9216dd1cfbc7c5923,3,2,39,0.7778,2,3,0.1556,0.6
infinite-v1-easy-0118,v5-easy,900600523,sha256:a643aa49faa8710283f6a9a0f48be023d6ec1212003ad66da07bac7631a4b1c0,5,5,37,0.8333,2,5,0.3929,0.75
infinite-v1-medium-0119,v5-medium,804600505,sha256:02cd013fa7db09338c661002084ecbc9c9fa0b5b98007cf35bccbff8caf4dab8,3,6,22,0.9091,2,4,0.6667,1.0
infinite-v1-hard-0120,v5-hard,514600445,sha256:945d02104b1a6acb560bd8cda47aa4e67f2fc44c51cf1107c67e84d0118a6a96,2,14,43,0.7778,3,5,0.4444,0.8889
infinite-v1-easy-0121,v5-easy,127600364,sha256:8add9376176ab3a1d78a622b636bf716d51608db4542a2e8c3ba0d8e654df0ae,8,2,38,0.7778,2,3,0.1556,0.6
infinite-v1-medium-0122,v5-medium,322600409,sha256:cb918d8fa4375dded3f913e606c878a52db9169e51bfe077d5d69fcb8c41834c,2,22,28,0.8462,2,4,0.3556,0.7
infinite-v1-hard-0123,v5-medium,323600412,sha256:1cfc32a96d933bff5d25b4c8f276973c1278133b70dfd97b096db3e31c80463b,2,1,35,0.8333,2,4,0.3333,0.7143
infinite-v1-easy-0124,v5-easy,1682600709,sha256:391b001fa4714ebc7eae18ccd452dacf9a80b6abb5744e77c24aca561e420503,6,3,57,0.6667,2,3,0.1905,0.5714
infinite-v1-medium-0125,v5-medium,422600439,sha256:96f91ee149402fb8e32eecb2315cc87ce11480051e2df023c5f8a0272786740d,1,5,39,0.875,3,4,0.5714,1.0
infinite-v1-hard-0126,v5-hard,1005600568,sha256:368915eaaff9939a59d9e3355412e346441612700baec6695155f4f2765fd1e8,5,30,26,0.875,3,4,0.2273,0.6667
infinite-v1-easy-0127,v5-easy,618600487,sha256:63d025ff32a0ae3eaeb2e0d254b360117dd271266a93a1c3dc98dd399b6bc203,8,5,37,0.7778,2,3,0.1944,0.5556
infinite-v1-medium-0128,v5-medium,813600532,sha256:cbd1bc3ec84c43d99334a6c7dc59d4b1346985ceb043343539f3c86c56924af4,4,23,25,0.8551,2,4,0.3273,0.6364
infinite-v1-hard-0129,v5-hard,1590600703,sha256:dc0e47f0a255879b19b28b3ad390f4dc445dd1401c8f768f9c382383d76009bc,8,33,38,0.8378,2,5,0.3556,0.7
infinite-v1-easy-0130,v5-easy,427600454,sha256:9d429f458f46a56cdf667058ed06e96bb5d8f80fd1c6537fa7810b582debb997,6,6,57,0.6667,2,3,0.2667,0.6667
infinite-v1-medium-0131,v5-medium,234600415,sha256:9270abb6e17f18c2056ebb133c6e1b314eddb140279a3592f65b03974033c874,8,9,18,0.9,3,4,0.3111,0.7
infinite-v1-hard-0132,v5-hard,623600502,sha256:a76450daff9e13b8c411f0283c58d1dd0bd55ce706fc129674c13e44a6d2bb11,2,5,45,0.8,2,4,0.2222,0.6
infinite-v1-easy-0133,v5-easy,333600442,sha256:be3a65f25af7d3e7c66b703fce6224f52d1d92bf66a67a67c134aa2bfec47813,2,4,57,0.6667,2,3,0.1905,0.5714
infinite-v1-medium-0134,v5-medium,625600508,sha256:c8df569d4cf486ab6ce12c9089cf9d8ada61c02368e99c6913f52274247becb4,4,15,34,0.875,3,4,0.2179,0.6154
infinite-v1-hard-0135,v5-hard,1693600742,sha256:6ee555dd22d05537f30bf414bb728fa22e45ee48975b630243ca2b4d53758588,8,23,32,0.875,3,4,0.3273,0.7273
infinite-v1-easy-0136,v5-easy,433600472,sha256:bc17ba55c6945fd555c26cf46879e9b2307123ee2466734e1490ad67c8863773,2,11,39,0.8667,4,4,0.197,0.5833
infinite-v1-medium-0137,v5-medium,143600412,sha256:91c8988d66295902fdf78ffb2462b8d9bc9d17b5ccad1a4aa7999e4748a4a10c,1,1,49,0.7778,2,3,0.4667,0.8333
infinite-v1-hard-0138,v5-medium,726600541,sha256:85007c9253afcbdc94fe8a136de623d2d1525f1c5521b4c62963a97798d44b6d,2,1,48,0.7778,2,3,0.2857,0.7143
infinite-v1-easy-0139,v5-easy,145600418,sha256:df0a94a1237e95b76bcac28f1a0194fa555e9fd04b263a4a21407c04a4a0d8a2,2,8,38,0.8333,2,3,0.1515,0.5833
infinite-v1-medium-0140,v5-medium,243600442,sha256:2019d0f8b954857d037708c48c1678915daf7964a05b37ce32d3717768c951ff,1,5,28,0.8333,2,5,0.2444,0.7
infinite-v1-hard-0141,v5-hard,2184600865,sha256:ee543a01db6615742ca773a1e8d787ce27e8ce7d95ff4e3942e057e63e3c010e,2,46,53,0.7568,2,6,0.2308,0.5714
infinite-v1-easy-0142,v5-easy,633600532,sha256:f494d219af9f926e79fe6df2b9fe8d5726f8f0dec9197571fc273324c55aa8c0,7,3,35,0.7778,2,3,0.1944,0.5556
infinite-v1-medium-0143,v5-medium,828600577,sha256:acbd12f584e8757e53e21d59bab2337132ced4b31d118152a419dcbc5822cd3c,8,13,43,0.8421,2,5,0.2727,0.5455
infinite-v1-hard-0144,v5-medium,344600475,sha256:bca4e999038e0d81e1c5fd80d0cf27b959fb99d6b6bd4af22984091a5d9cc68d,4,13,46,0.8333,2,4,0.4444,0.8889
infinite-v1-easy-0145,v5-easy,248600457,sha256:091c1712ba3a61bbf10d7df22dfc3c5953debb928443f20df194a3618e6bbaf7,8,24,50,0.7333,3,5,0.2179,0.6923
infinite-v1-medium-0146,v5-medium,152600439,sha256:8aa11b6a5235ffb2605aed2dff632f59a957261f5c379b1a9a411392eea1162b,5,18,38,0.875,3,4,0.3091,0.7273
infinite-v1-hard-0147,v5-hard,1123600652,sha256:e35eebdb22f79bc9b44ab47c1fbc6359fd440d5373712b4e591bb37826c4b51b,6,142,38,0.8636,2,4,0.3333,0.7778
infinite-v1-easy-0148,v5-easy,736600571,sha256:2cf8514d5aea0d78b882c7aff8e594400101b067b2c38c460ce8d4eb636a4e44,6,7,4,0.9231,1,4,0.2444,0.6
infinite-v1-medium-0149,v5-medium,252600469,sha256:f65a2bc6fec900eacc8e8f1c48c1e1d8d28b118f95666f01c41cc528bef903bc,4,2,37,0.7778,2,3,0.25,0.75
infinite-v1-hard-0150,v5-hard,2387600934,sha256:a858d5289e9a29611843529efd42ba6bb5acc408bd61635759ec869087a59947,4,10,40,0.875,3,3,0.3111,0.6
infinite-v1-easy-0151,v5-easy,448600517,sha256:1d9d881fd6437bf71dcf51d9f0b32f90f8ce2026a73cdc6dfe223f22ff44bd6e,7,3,48,0.6667,2,3,0.4,0.6
infinite-v1-medium-0152,v5-medium,255600478,sha256:438f960d7a535f23b586126c6949b2d2fdc170559c99622ff6ab28fb505554a9,8,18,37,0.8462,2,4,0.3556,0.8
infinite-v1-hard-0153,v5-hard,2196600901,sha256:635af501e3e4b98f992f5eaa85ebc37f58bc825c5151d46127beb41e56d92186,8,53,27,0.8846,2,6,0.2909,0.6364
infinite-v1-easy-0154,v5-easy,645600568,sha256:1b4bd87c295764130d500aa351067049efd7b25e22865b86ab3e9affa82466ee,3,1,34,0.8333,2,4,0.4,0.6667
infinite-v1-medium-0155,v5-medium,646600571,sha256:d826daf97b3992e82185e9aae71740abcc4ba8a8fafb0de55adc9e2c65e10f86,6,9,49,0.7895,2,3,0.3056,0.7778
infinite-v1-hard-0156,v5-medium,259600490,sha256:c4cab3326bcdd1dd66befda02cc7c887b24cf5d1a2cc072d1523702b1e64592e,7,27,57,0.75,3,5,0.1515,0.5
infinite-v1-easy-0157,v5-easy,648600577,sha256:4df2d5fee425be2ed2cb9a33332c0b098ab458a59e60000135743b86c2ff8561,1,1,43,0.7778,2,3,0.1667,0.6667
infinite-v1-medium-0158,v5-medium,455600538,sha256:da3cf20de928067263efc8513a63f507cec34d5bc88865bb6d4e4d6cffb7bf0b,1,2,38,0.8824,2,4,0.6667,1.0
infinite-v1-hard-0159,v5-hard,1717600814,sha256:3cab4f1c3152b806e80277d6829127bc9a89f31dbc1c3058133116aa9928450d,1,8,29,0.8889,3,5,0.4167,0.7778
infinite-v1-easy-0160,v5-easy,263600502,sha256:46bb2eca4c7305dd639fb427ea6d5d799f2d8540eb7e71d1177c49bb07171892,4,9,44,0.8462,2,4,0.5,1.0
infinite-v1-medium-0161,v5-medium,167600484,sha256:9459f7f574d1afb51f8dca24af46cf985006473e7850d05b014a74f764fb2da6,2,7,37,0.7778,2,3,0.3333,0.7143
infinite-v1-hard-0162,v5-hard,1332600739,sha256:6ab3f16b8b5446f62367c2f354e1d77948907c42f63c8239b9a9480eeed49c8b,1,27,41,0.8333,2,4,0.1758,0.6429
infinite-v1-easy-0163,v5-easy,557600574,sha256:875ee9d6904d43668b8264217698596244d851e1b1a6295285a36da2430d8a62,4,0,48,0.6667,2,3,0.4,0.6
infinite-v1-medium-0164,v5-medium,461600556,sha256:6b4541a2b1d2fa04d752498a828c6290bc5006407d1bce0f9af8eb46529df070,6,42,31,0.8462,2,4,0.4167,0.8889
infinite-v1-hard-0165,v5-hard,753600622,sha256:9e085056bcfc0f73ec38d9e1634058a23fa8f7dd78976d8e4f537237b951d2e7,5,7,39,0.8333,2,3,0.3056,0.8889
infinite-v1-easy-0166,v5-easy,269600520,sha256:bd67c511fe6742bab22cd9381fabaa482e4fe1b6c3cdce1bc9c8a4619fe1aa9d,2,3,37,0.8,2,4,0.2778,0.6667
infinite-v1-medium-0167,v5-medium,270600523,sha256:4d7e997d7b9eddda32fc865e26dd933a9e0c07a8029f3967a33376cc53e1e356,4,6,35,0.8333,2,3,0.2,0.6364
infinite-v1-hard-0168,v5-medium,1435600778,sha256:5671e110663795fc0ffd77c07c6e2a48a5d01500697c330f805894f8548c319c,2,34,40,0.8571,2,5,0.5357,1.0
infinite-v1-easy-0169,v5-easy,1339600760,sha256:284d1aa560014429abf417da9d621ba3a7ce8ca45126bae1409c0f96ea7115f7,7,9,28,0.8333,2,3,0.3056,0.6667
infinite-v1-medium-0170,v5-medium,176600511,sha256:8853333ff020bb0948a5a393bb88a571247c21a695739efe1b953a8ca9af2671,7,26,38,0.8824,2,3,0.3929,0.75
infinite-v1-hard-0171,v5-hard,274600535,sha256:97ce74c800de8dff7d45b2f26317f6dedf8906245da94ae96a1b1019852ac7b6,3,18,33,0.8246,2,4,0.4444,0.8889
infinite-v1-easy-0172,v5-easy,178600517,sha256:d90792fceaee76899ec73873c03436479715e3f55a1226e3b90949b1e2f2f3fe,2,1,40,0.7778,2,3,0.4667,0.8333
infinite-v1-medium-0173,v5-medium,276600541,sha256:25fd163ba55a0dc4db6597d13325a6dd17eebb8cfc1fb8a73192889eff1b09eb,6,24,28,0.8333,2,3,0.3056,0.7778
infinite-v1-hard-0174,v5-hard,374600565,sha256:206f03a00b69c4ef6110bf288b42504381b0d8cf08badb57be1fabcb93afe8b4,3,117,20,0.9,3,4,0.2909,0.7273
infinite-v1-easy-0175,v5-easy,957600694,sha256:97ea272c1010bbeed8872e1467e416d34438f77eaa795823c1f6c609275cba65,7,20,2,0.9412,1,4,0.2727,0.6364
infinite-v1-medium-0176,v5-medium,182600529,sha256:9232a3afea706ccf7f8e0d01f02eedce5033097513c52c47444339f9922d8c91,8,3,51,0.75,3,3,0.4,1.0
infinite-v1-hard-0177,v5-medium,765600658,sha256:5d4257c2f94018f11122d993815a9ce083a4500f67f61664d84c42aab482de77,4,22,37,0.8485,2,6,0.2909,0.7273
infinite-v1-easy-0178,v5-easy,184600535,sha256:1198962d6533d9b6634a703eb80ea2114456240d0ba99e2511059926a3d64531,1,3,36,0.8182,1,4,0.3571,0.75
infinite-v1-medium-0179,v5-medium,185600538,sha256:f7624058be04ec35e2a87077925e7b4ce3f43298da4055111b4fdcac67ecc404,3,2,42,0.8333,2,3,0.6667,1.0
infinite-v1-hard-0180,v5-hard,671600646,sha256:662b5f163efc2660b07e1b650f2014be46be56495559f55c9010d4aa57d83382,5,135,35,0.8333,2,3,0.3056,0.6667
infinite-v1-easy-0181,v5-easy,187600544,sha256:bf2a784ffa34a3b4478c76dc08b347f13daef48941354338283ebda5acc47ef3,4,5,39,0.8333,2,3,0.4762,0.8571
infinite-v1-medium-0182,v5-medium,285600568,sha256:463c4a499dbc6dfe78c58b98a40fd56ca7e561db83fb0b8b4092905e9dc4ef9e,4,13,49,0.7778,2,3,0.1273,0.4545
infinite-v1-hard-0183,v5-medium,286600571,sha256:2408d99bca59937f225750246a10aa1e230e4ad599605956eda4c96fc24f25b8,1,14,38,0.8462,2,6,0.3556,0.8
infinite-v1-easy-0184,v5-easy,675600658,sha256:36499ec517e04483be7a2097691301ff9a234f5ef6aeae8c2e97d7c0d6a6e699,7,18,38,0.8485,2,6,0.4444,0.8889
infinite-v1-medium-0185,v5-medium,385600598,sha256:e11434b595e6bee91038afbc6ffa4026d35fe6912856c7636a7481d27bbf83d9,4,39,57,0.7,3,4,0.2436,0.6923
infinite-v1-hard-0186,v5-hard,1356600811,sha256:32e4678d06d374cae14243955b8ea2a16ff80f3236b49494249a1e9a501b3045,2,5,28,0.8571,2,4,0.3056,0.7778
infinite-v1-easy-0187,v5-easy,1357600814,sha256:8d06324193b6a18227ddcffe1337f9516ed3ff89bf0474142ec315b63ee232e4,7,5,39,0.8,2,4,0.1515,0.5833
infinite-v1-medium-0188,v5-medium,291600586,sha256:cca7060a27d6feb71d15a358c476d96fac28deccb8de34ed68fd6410ac52679d,1,3,29,0.8333,2,3,0.3929,0.875
infinite-v1-hard-0189,v5-hard,680600673,sha256:863eb785bed72b2a6b3e5c361e4351a621f9e4877e03b0fd0ea7d0f7e6920a93,1,7,31,0.8333,2,3,0.2444,0.7
infinite-v1-easy-0190,v5-easy,390600613,sha256:87aee8085a83ccf63b868c1a82afd1499e8d98b498e694ddb9518c8ab65b3a58,4,4,19,0.9091,2,4,0.5238,1.0
infinite-v1-medium-0191,v5-medium,391600616,sha256:7f74823a0276f5f9dcbfbeedb371caada18d529dd558202e3873700758d7181d,2,11,30,0.875,3,4,0.2273,0.6667
infinite-v1-hard-0192,v5-hard,1847600934,sha256:abd47527b3275fb26a77238de3473c7a62399aef52df515229738313e2a2c0d8,5,126,37,0.8667,2,5,0.3556,0.8
infinite-v1-easy-0193,v5-easy,1072600769,sha256:7a01ef2e3176e92f8674595b17690cf49c882e9a1acc4e59bc5c8f6d45404004,5,6,37,0.8333,2,3,0.2,0.6364
infinite-v1-medium-0194,v5-medium,394600625,sha256:98ea83e2b0a96d15e9c3ecdd2db2cb92aa39f9507a8b1286163993de9733354e,2,14,14,0.9375,2,5,0.4722,1.0
infinite-v1-hard-0195,v5-medium,395600628,sha256:09561118faffa4b3874d0f46051c3ea9cef71a313b76e3ecde9ef84d119b5516,7,28,43,0.7576,3,6,0.4,0.9
infinite-v1-easy-0196,v5-easy,590600673,sha256:3e745dd7141851a8841bf3a085a0d9d849b4daffa8ebf133d7b17b7bd5ccb574,8,12,46,0.8333,3,4,0.1667,0.5833
infinite-v1-medium-0197,v5-medium,1076600781,sha256:674b0e5eaf5c15d4799cdca7e07ce660f6dcebacc1d4356dfb1cfc47e6b554c2,6,23,39,0.8333,2,3,0.3333,0.7778
infinite-v1-hard-0198,v5-hard,1077600784,sha256:43bf58cde0b9c176256fb7fcd064d491aa6e55eaaba3290b2d48e84522dcd886,7,100,25,0.8857,2,5,0.6071,1.0
infinite-v1-easy-0199,v5-easy,690600703,sha256:3fee1187f6f79de06b1993d76a9df539837f3ee929929df21d2925e246614168,3,4,27,0.8333,2,5,0.3929,0.75
infinite-v1-medium-0200,v5-medium,400600643,sha256:3145bd5cd8b64494e0d7d8ca166a42668242edf13d16cf30e006fbfcf9bf297d,7,15,30,0.8333,2,3,0.2778,0.6667
infinite-v1-hard-0201,v5-medium,983600772,sha256:47e356db0ac47caa0178888e071dd1efb75bcb0b9492682949760d14b59f1d15,2,1,44,0.8333,2,4,0.4667,0.8333
infinite-v1-easy-0202,v5-easy,208600607,sha256:3e9ba5c6ef662b8ed6825f552b801dc93b6445f3aedc2e92d0080831841484b8,5,3,15,0.8889,1,4,0.25,0.625
infinite-v1-medium-0203,v5-medium,500600673,sha256:45274b1f4d58c8801d70ece4b7b8909a9b8f1d1869ccfa90be52c5e94cf42314,7,25,36,0.8421,2,5,0.6786,0.875
infinite-v1-hard-0204,v5-hard,307600634,sha256:7315c4bbbd7cebb337c3ef6ade71746d2068e5351960073b8d3024bfaf3bf81e,4,94,38,0.8095,3,5,0.2179,0.6923
infinite-v1-easy-0205,v5-easy,211600616,sha256:2fc6110f3a2654f65b6826194ce0a683201a785b51c03c57000c314ed16001ad,1,5,37,0.7778,2,3,0.1556,0.6
infinite-v1-medium-0206,v5-medium,1279600850,sha256:c028b37212dc421fff90ff195381a189ff23658d36a35b96bea48d109669b16e,5,7,37,0.8333,2,3,0.3571,0.75
infinite-v1-hard-0207,v5-hard,1086600811,sha256:a9a82b237a6e76d79f9a2e73d25c7649f9780bfe2cf39c629512744270db2d50,2,15,37,0.8551,2,5,0.4444,0.8889
infinite-v1-easy-0208,v5-easy,505600688,sha256:3c66d0ac1bae0b07f0277658982081c90284374c7c88930fa8405dc6bf4e4a6e,4,11,2,0.9412,1,4,0.5357,0.875
infinite-v1-medium-0209,v5-medium,506600691,sha256:e406ae94de3ecb80e9e214ec641dc28bc315d2da959adcc7ca55ecb946eba97b,5,40,55,0.7778,2,5,0.2564,0.6154
infinite-v1-hard-0210,v5-medium,604600715,sha256:7d598ab50160b927382b4b35d8f0993ba3280527f0604652a5e2f36707004fda,6,24,12,0.9333,3,4,0.4167,0.7778
infinite-v1-easy-0211,v5-easy,1769600970,sha256:1713fe846c2d80721000da831f41958e92fd3b20741bc0fec89528e59839b8e5,1,4,39,0.8333,2,3,0.2222,0.6
infinite-v1-medium-0212,v5-medium,606600721,sha256:c5a1ec0e1fcbcc7d154ab91dc4e8fa9efe8aed91e7957ff9e4a3fa67d979522f,7,21,40,0.7576,3,6,0.1868,0.5
infinite-v1-hard-0213,v5-hard,607600724,sha256:12ae9867139aaff4aaf13a2e60c1583240e6ef8cbc8e006810c3e68806188b4f,3,7,39,0.8148,2,4,0.2444,0.6
infinite-v1-easy-0214,v5-easy,511600706,sha256:8225cac134e69c68af95abd2e83994f5e613f6e688f24fff4c90eff7369d04f0,7,1,52,0.6667,2,3,0.1905,0.5714
infinite-v1-medium-0215,v5-medium,318600667,sha256:db1ee6136df0023514a45a3a024430d8a3d4ab26ed1a37b6a58f5b933d5d5372,1,2,37,0.7778,2,3,0.1273,0.4545
infinite-v1-hard-0216,v5-hard,998600817,sha256:733be189ff64b65da95d3e8cddf44677c307678df9f7b99e3a3a7699dbe76b61,6,55,38,0.8333,2,3,0.3929,0.75
infinite-v1-easy-0217,v5-easy,223600652,sha256:06869b90b96be3dc06e1644a88d333a7b6f9a31ea82db6db0ad0dfbe733c17b0,1,3,38,0.8333,2,3,0.5238,0.8571
infinite-v1-medium-0218,v5-medium,806600781,sha256:9a3b1a52f08acd89299b17756e0a48d2694a57baf408f8bfd3724cb79306b5af,5,10,48,0.7778,2,3,0.1273,0.5455
infinite-v1-hard-0219,v5-hard,225600658,sha256:2fb95aac69110890ab5b48b7ad004e7e3a5a16f040231c9fac76d8b53051690a,4,24,56,0.6944,3,5,0.3778,0.9
infinite-v1-easy-0220,v5-easy,517600724,sha256:f3056981474368ff3e3162ee0ffa76bc80a88795a1f98ae31d12852ce0b2b1eb,5,10,38,0.8519,3,5,0.3889,0.7778
infinite-v1-medium-0221,v5-medium,227600664,sha256:f562a8c5587715467bd409ce21afb065453169193cafbe53885162dc5f0da9a5,1,7,39,0.8462,2,4,0.5357,0.875
infinite-v1-hard-0222,v5-hard,228600667,sha256:6b3db8c612efd45849918c49d271adb078473cd0637ad1b83e96bd05138e82e5,6,31,34,0.7843,3,6,0.3273,0.6364
infinite-v1-easy-0223,v5-easy,811600796,sha256:f45e4678ea2883e4f673c944e3fef39cd981132250359eaf8bcbb965f9bdd0a1,3,10,18,0.9286,1,3,0.5714,1.0
infinite-v1-medium-0224,v5-medium,327600694,sha256:074c5d074de2dca37b6115c3b0f97098a559aaa2014c3cd45b96b44fffe167a8,8,13,33,0.9091,2,4,0.4167,0.8889
infinite-v1-hard-0225,v5-hard,425600718,sha256:d60a689c3af0f1e235cdedfc972cebb2aa3e71d5c020409dfc39d553f648a308,7,302,35,0.8515,2,6,0.3485,0.6667
infinite-v1-easy-0226,v5-easy,232600679,sha256:31663a20a0d6e85036d40b1169465de7feead6429254d7019cadb0744308a996,1,1,29,0.8571,3,4,0.6,0.8333
infinite-v1-medium-0227,v5-medium,912600829,sha256:f546c4f51457cde6c7c790b90d630815ad0121b6674d6c5e8bdf2561ebb98c51,1,28,52,0.7333,3,5,0.2051,0.6923
infinite-v1-hard-0228,v5-medium,428600727,sha256:3c11a6bc8e55feace23107cd6e55a455dde57044cce6597cd1038280d7733864,5,10,46,0.8333,2,4,0.7,1.0
infinite-v1-easy-0229,v5-easy,235600688,sha256:c5a354d1dd25d7cdf4f4da5161934f4eadd35671f4317f32c18fee5f311d2618,4,0,57,0.6667,2,3,0.2667,0.6667
infinite-v1-medium-0230,v5-medium,430600733,sha256:abe917a6ea7dcab6f93a88cc0545cfe5787a77afcf4a98153db5ade64bf7ce83,1,4,36,0.8824,2,4,0.1667,0.5
infinite-v1-hard-0231,v5-hard,1304600925,sha256:3757476bc4a4e96de76506db53fed7e87907bd330aec24dc9feab53122df3896,2,8,38,0.8333,2,3,0.1667,0.5833
infinite-v1-easy-0232,v5-easy,723600802,sha256:900cef0505fdfedc339f5de58f08be11a5dad6963e8a601464f9bd184da89401,6,5,6,0.9231,1,4,0.3929,0.75
infinite-v1-medium-0233,v5-medium,336600721,sha256:f7eb5d08a0a57655aabf293475c13003201c29ae1d47914fa83b3456ac855c91,6,10,41,0.8,2,4,0.3333,0.8889
infinite-v1-hard-0234,v5-medium,337600724,sha256:0d1db8a423503d294301bd3dba2d15ad1d11d2609644c89a53824109be9d4972,3,65,47,0.8,2,6,0.2949,0.6154
infinite-v1-easy-0235,v5-easy,726600811,sha256:dbb09ec77b382001a1c588c175ebbfdb9abb919d462248fb9ac28817208793e1,4,3,49,0.8333,2,3,0.5333,1.0
infinite-v1-medium-0236,v5-medium,242600709,sha256:7d3477132141203b29cd143f4ac80ad3b68afe269b4e64383c1f66021e52e2b6,3,5,46,0.7778,2,3,0.3333,0.7143
infinite-v1-hard-0237,v5-medium,340600733,sha256:e3b4c9902fbdc2b96878437e4e7649fa04fe5e0c16896693e5da991dbe703efd,7,19,57,0.75,3,4,0.1455,0.4545
infinite-v1-easy-0238,v5-easy,244600715,sha256:79dfbbb49f64154577cd7d93b5ccf9b6e8beaa2948ba024285fabcc5df1deac9,6,4,25,0.8182,1,4,0.3056,0.6667
infinite-v1-medium-0239,v5-medium,827600844,sha256:2980a916b44797b0f918b28f02d271c1d8ed08e54d443fd42e0e527ba3071154,8,8,31,0.8824,2,3,0.1515,0.5
infinite-v1-hard-0240,v5-medium,343600742,sha256:60177ee88c1df879f043808e6ff97836bf14830ed982f13c522ce6c3bb48d989,4,16,30,0.8462,2,4,0.3333,0.8
infinite-v1-easy-0241,v5-easy,247600724,sha256:add5bf74ba513476f1eee52ff292fdf1a208c21e01a03ec07b3d80a325c50942,6,4,37,0.7778,2,3,0.3333,0.7143
infinite-v1-medium-0242,v5-medium,248600727,sha256:15d1e6116f692e8a3d7b7de90309baff37efa6c62a22c01ea3c3393e3f1a8430,1,10,43,0.8462,2,4,0.1818,0.5833
infinite-v1-hard-0243,v5-hard,734600835,sha256:6b1610c6577ad64ef1f59866da5882767b07cb2250d635cb57ab4267bf4a5563,3,7,39,0.8333,2,3,0.3929,0.875
infinite-v1-easy-0244,v5-easy,541600796,sha256:d636fc912cd5976939be34c63479903de6717869d37fa3414f219cb83ce18207,7,11,41,0.8462,2,4,0.3611,0.7778
infinite-v1-medium-0245,v5-medium,348600757,sha256:a5b11099777070352061aa128416f3a040acd660e83f40d4c26192c13c0c86b7,4,30,42,0.8649,3,7,0.6389,1.0
infinite-v1-hard-0246,v5-hard,1125600928,sha256:68d4732f42fb497ab971767fecb0b2ceddb44e6bf27f5134dbebdf32fd55fbab,3,89,30,0.8333,2,3,0.2444,0.7
infinite-v1-easy-0247,v5-easy,1126600931,sha256:2aa8f724a556bda1359e782b1347df4cba97936be0ba11eac84a6f729f7c91f6,1,4,39,0.8333,2,3,0.2,0.6
infinite-v1-medium-0248,v5-medium,545600808,sha256:5eb9099f48b71488c167d21c184597db21266185b204fbbd661a0bd7fc9023be,1,2,29,0.8333,2,3,0.4762,0.8571
infinite-v1-hard-0249,v5-medium,449600790,sha256:591c4b4c02381951ffb7597d7899b57e091165380d46399bdad0ec3d8aa4d1c7,4,15,6,0.9302,2,5,0.3556,0.8
infinite-v1-easy-0250,v5-easy,353600772,sha256:e4b2ed8fcc955e8e178abd5ffa069303a699a975b46d9b3d4d771456b9395aa2,2,9,44,0.85,3,5,0.2727,0.6364
infinite-v1-medium-0251,v5-medium,451600796,sha256:6252c6fe0039e88bd9179a389a6ac10b241f8e9ff32deb774513dfd287d4c815,5,17,32,0.8148,2,4,0.3056,0.7778
infinite-v1-hard-0252,v5-hard,355600778,sha256:69474fb31cfdb448bcff850dbb870cab049fce7907624d1b4ac8e4fad59bde49,7,20,29,0.8333,2,3,0.3333,0.6667
infinite-v1-easy-0253,v5-easy,356600781,sha256:d91270273347db0e3ad38201e21c95ef91b07dbe3a4bc263a2190c75ee3dfab4,5,4,36,0.8,2,4,0.2222,0.7
infinite-v1-medium-0254,v5-medium,454600805,sha256:04928ccf2d5e66da3097ae908cd7cbb863569d00cc8e5d0c15bbaba0f2c67d53,1,8,47,0.8125,4,7,0.6071,1.0
infinite-v1-hard-0255,v5-hard,1037600934,sha256:c9f574b3a40d06e04fbbadbc68e2a35611e3417c8573c33cd2b8ec851d14524e,1,7,29,0.8333,2,3,0.2444,0.6
infinite-v1-easy-0256,v5-easy,941600916,sha256:b00288bd70c120231c4dec1a15ce8d2f9a984f8170b236d020413427b453d7bc,6,11,21,0.9,2,5,0.5357,0.875
infinite-v1-medium-0257,v5-medium,748600877,sha256:96cac4e3668fb90384b51cdb2bbb65fa7c99a04ba300d8768e8ae6b7e13234ac,8,32,39,0.8333,2,3,0.3929,0.75
infinite-v1-hard-0258,v5-medium,264600775,sha256:9a8bbda9c0c483c5a436879ffc9f24b87cdcc443fb5844cf5649dde48e5945a3,3,5,50,0.8333,5,5,0.2182,0.7273
infinite-v1-easy-0259,v5-easy,265600778,sha256:4b4dd9993a6e5b9eea831e04370055a52cba8a68a1e77f83d6389c2092baab6a,2,6,26,0.875,3,3,0.4643,0.75
infinite-v1-medium-0260,v5-medium,654600865,sha256:9afb3e7bd6fbd01bcfb9483fd340c867c1720ba79d4778930058bf521aaf2b96,3,1,46,0.7778,2,3,0.3333,0.7143
infinite-v1-hard-0261,v5-hard,461600826,sha256:e940890a90f55fb153f9101ab694a44ba834478428442d28601172db6cb294ad,4,39,59,0.6667,4,5,0.3778,1.0
infinite-v1-easy-0262,v5-easy,365600808,sha256:1975db3c213b9f3602abd1a1937842867d2ceda5c3d236930dc22f88f3a6bf98,4,6,24,0.8824,2,4,0.6,0.8333
infinite-v1-medium-0263,v5-medium,269600790,sha256:fa7340e83cd337a5c99f65f505d2afbd58131e50a2f7ae3bed4b8762c1e40ece,2,10,32,0.8286,2,5,0.3778,0.8
infinite-v1-hard-0264,v5-medium,270600793,sha256:6cc8681243222aef4f81c1c533ac3fec3f54718f84e8e8d6a94c2598529e470c,7,33,38,0.8947,2,6,0.3333,0.6667
infinite-v1-easy-0265,v5-easy,562600859,sha256:8e73c1276fb6dabc52c5cbfbfa360cb2ab1935cb243543b0dc910bf36bf9475d,4,5,40,0.8182,2,5,0.3056,0.7778
infinite-v1-medium-0266,v5-medium,272600799,sha256:7950f87f8eec01a1ae99cbec2eaf3b7d5792d810b80c1fc51bb2186b79e0ff5c,1,0,51,0.75,3,4,0.4667,0.6667
infinite-v1-hard-0267,v5-medium,273600802,sha256:4ab16d593af21ccb8bbb45a7a0f07e73ddae5a1c817342a0d9a029ba6cf15d60,6,56,53,0.7727,3,7,0.3077,0.8462
infinite-v1-easy-0268,v5-easy,468600847,sha256:fb79466a16dd72025dff24969bc28f97624503210ecc4208d3798748607d5181,2,1,39,0.7778,2,3,0.1667,0.5556
infinite-v1-medium-0269,v5-medium,663600892,sha256:c55a852a93d46bbe72e460668c754b9ad67040bb07c993adc0fb17f8fef464c9,1,20,27,0.8485,2,6,0.2909,0.7273
infinite-v1-hard-0270,v5-hard,1634601105,sha256:cf309bfb26300d99c43fa165c9e6c2eb7be82928095d637fa9eb4bb33e829f2f,3,4,57,0.7143,3,3,0.4762,1.0
infinite-v1-easy-0271,v5-easy,277600814,sha256:cf02c28bee36711586142a572b04409098c7acfbe8a34e7259b197aaeb08c216,7,8,49,0.8333,3,4,0.5714,1.0
infinite-v1-medium-0272,v5-medium,375600838,sha256:a71abb14de8318cc52473a1b698fd95ad02bcd06b41736bf2b0124d118a861c1,3,17,30,0.8667,2,4,0.5,0.8889
infinite-v1-hard-0273,v5-medium,473600862,sha256:a02111228b2891e73d936035b962d103c6c5af6997f46a3a204c7675c3291771,8,61,42,0.8571,3,4,0.2879,0.8333
infinite-v1-easy-0274,v5-easy,377600844,sha256:93a888690e1cf2f073a3c8e50c5881b9cd00d08b786be75ff32beeba67b67d85,8,22,32,0.8333,2,3,0.2222,0.6
infinite-v1-medium-0275,v5-medium,1251601036,sha256:e14d6f5d2e8ad05badf3675daccfbcab849bdb1b5c06ccab3ad65c38ba326c75,4,22,46,0.8333,3,3,0.2444,0.7
infinite-v1-hard-0276,v5-hard,282600829,sha256:30563c8c3ca652fe58cab1672ae1f4417f57ffb72bc9f12dfd7f743a2798fd8f,2,20,37,0.875,3,3,0.2121,0.75
infinite-v1-easy-0277,v5-easy,1932601189,sha256:cf17a03643cb513f4ed72994e16f3476803f3a0045158b14f23914ac81f6bd0a,1,9,42,0.875,3,4,0.3091,0.6364
infinite-v1-medium-0278,v5-medium,284600835,sha256:e64aedb6b426d8efa68b62e260d398a3d8504a99096b2f975d0ca25efb09d07b,6,14,35,0.8333,3,4,0.1667,0.5
infinite-v1-hard-0279,v5-hard,1449601090,sha256:6dfb7b0a6dd713cd14a28565be6a5a64505837ad811df87308f74bb8cb9f30f7,3,124,35,0.8333,2,3,0.2444,0.6
infinite-v1-easy-0280,v5-easy,286600841,sha256:bf393ae8abe52513888e100156ad3eb6a2072b7b8047dfa3a8bf89d96cd327fc,4,4,27,0.8333,2,3,0.3929,0.75
infinite-v1-medium-0281,v5-medium,1160601033,sha256:2423f209999c65e22b6eb688c14e9d9b601cd65efdd0d6396590b22b4676e7f1,3,15,42,0.8462,2,4,0.4167,0.8889
infinite-v1-hard-0282,v5-medium,1452601099,sha256:c22f809175c8505f08ad9d43d16a20d8ffbe02d6ff3cdb6f6efdc93490d060ed,2,1,47,0.7778,2,3,0.4667,0.8333
infinite-v1-easy-0283,v5-easy,289600850,sha256:3a050e151df717272a7ca4a5452ad788e6715a74f8f10387082e1ec8ee6ce20d,1,13,28,0.8636,2,5,0.3556,0.8
infinite-v1-medium-0284,v5-medium,2327601294,sha256:2ede5ed95cdc359ec65b54b25aed52ddac42a7e259db55a0f6ff0c2016806d51,3,2,48,0.7778,2,3,0.1556,0.6
infinite-v1-hard-0285,v5-hard,1649601150,sha256:4dd7fa602cff4d780c7ff230d0c37b4c4a38d7338548baa642c0cedc7ef97318,6,92,37,0.8333,2,3,0.2444,0.6
infinite-v1-easy-0286,v5-easy,486600901,sha256:cb9f81e721719cfaf1d55ad6a31fb0bc86959c493eb42b0368639e673d3a8eea,2,12,30,0.8667,2,4,0.3556,0.8
infinite-v1-medium-0287,v5-medium,390600883,sha256:cbd90b8d097bd73f09faef0a8a820339457c4fdd862e7a68581a4630bf122877,3,21,33,0.8286,2,5,0.2576,0.6667
infinite-v1-hard-0288,v5-hard,779600970,sha256:991f6824890f4e9e690eb10d954c4f5491d765791c3fb95a0ded117e6d4a4035,3,97,36,0.8333,2,3,0.1667,0.6154
infinite-v1-easy-0289,v5-easy,392600889,sha256:67934cdc3dd8e140e9f332349476b4a6420883748c49b207c37b8ecda0b60623,3,3,49,0.7778,2,3,0.4667,1.0
infinite-v1-medium-0290,v5-medium,587600934,sha256:a42cbdfc64e6060679c274050684cc01a38ce67fbfcbe48d9ccfba44a283af6d,2,27,22,0.8971,2,6,0.5111,0.8
infinite-v1-hard-0291,v5-hard,1655601168,sha256:26b1618cf796b5ee4412f7a22978dc05641510e298ee769709fe5e9f7c417793,8,24,28,0.8485,2,6,0.3556,0.7
infinite-v1-easy-0292,v5-easy,1268601087,sha256:404f6ad9421d794f4f00a0894e1ff28c7d79075bf7759dca7187f81c00cd976b,1,3,41,0.8333,3,4,0.2444,0.6
infinite-v1-medium-0293,v5-medium,493600922,sha256:ff4322320a825c23334dfe82010df5b686d90c94f7ac6ad8bd15ecbf78418c8f,5,23,39,0.875,3,4,0.1714,0.5333
infinite-v1-hard-0294,v5-hard,591600946,sha256:b9a23eecd7d4e651b2683e3a72316f17b716eed066ef3d5ac3b35e95e5f12d4b,3,6,34,0.8,2,4,0.2444,0.6
infinite-v1-easy-0295,v5-easy,592600949,sha256:d102adabcb0d075852e687c24837418bbc82eb9fd0eb1bf7d4e06c8a128f9160,5,20,12,0.9412,1,4,0.2909,0.7273
infinite-v1-medium-0296,v5-medium,302600889,sha256:c79159df2085e84c31c5f9720a8ab0051cbb7487be406f9284aac87b2e976958,8,17,31,0.9,3,6,0.3636,0.7273
infinite-v1-hard-0297,v5-hard,788600997,sha256:f2b43c4a1be863d27295b51dc9caaab0e97ff093945501705b2ad89d9320a4f6,1,3,22,0.8824,2,3,0.4286,0.75
infinite-v1-easy-0298,v5-easy,1177601084,sha256:7fae74e06265438cc9efb0d873ca87251f247d23349d9d4ae7224b9937d5e458,7,17,3,0.9412,1,4,0.2545,0.6364
infinite-v1-medium-0299,v5-medium,305600898,sha256:a2365068b1c8e26637a1f49f724ff079e5a95a118c82e63730879928cabeb2f2,3,4,23,0.8824,2,3,0.3056,0.7778
infinite-v1-hard-0300,v5-medium,1082601069,sha256:053d36ea50208c84e2c9eea60c2a54891d63bd7dabe71813afbfe1d219cb7000,1,3,40,0.8333,2,3,0.5238,0.8571
infinite-v1-easy-0301,v5-easy,307600904,sha256:7b75b656af8c3a4cd50c1b81677b7b8721898ee5f4cb129406ec6c1e5f7cd18f,2,4,24,0.8824,2,4,0.5238,0.8571
infinite-v1-medium-0302,v5-medium,308600907,sha256:60f5dbc3e0b7f336cacc4e5199102de03a79353554aa8eee5e59e1abd9391872,1,2,41,0.84,2,4,0.5238,1.0
infinite-v1-hard-0303,v5-medium,406600931,sha256:30639de587836d7162e809c490519a7fb1d12f43bb6dc281edd718c90c9fa5bc,3,3,39,0.7778,2,3,0.4,0.6667
infinite-v1-easy-0304,v5-easy,601600976,sha256:4b53b63af6ada5a4ba08f0db4c19f70b2defc98844b4d9cf9335cff3ee3daa3d,1,6,6,0.9231,1,4,0.2444,0.6
infinite-v1-medium-0305,v5-medium,408600937,sha256:efb6b3a33518b1aeebccc9227538d90e96ce41def9b2f5eb0185c66e62b7e146,3,36,48,0.8485,2,6,0.2692,0.6154
infinite-v1-hard-0306,v5-hard,312600919,sha256:afc603ebacfc6fb8f576620a2feaef2611c6a5d7ab9481c1dbd3790f833797ab,1,48,58,0.5636,5,6,0.4091,0.75
infinite-v1-easy-0307,v5-easy,507600964,sha256:62939bea3b77745c2162dd2a0c13354d27b95c9d834c5bd03403a00633f72d11,8,8,42,0.8333,2,3,0.3929,0.875
infinite-v1-medium-0308,v5-medium,314600925,sha256:54d182ffe54b3b53576067c56c81d5821768e30e5b41190c55c30795bf0620ef,3,2,41,0.7778,2,3,0.1273,0.4545
infinite-v1-hard-0309,v5-medium,800601033,sha256:f3ff296268d483f0b2ee9cdceb63e87932f77d6fc244dd3681cc8947e644ccf4,8,9,35,0.8947,2,5,0.5714,0.875
infinite-v1-easy-0310,v5-easy,316600931,sha256:218e77c05d753d9cfe8315f9ba802a7b850766a0197f430518e61813e34538db,3,4,58,0.75,3,4,0.2222,0.5556
infinite-v1-medium-0311,v5-medium,414600955,sha256:d9e92f9cfe4ee5a41b2a383ae32b933ab7cc8f168a22b4a1f21c7e250a1786a5,2,1,47,0.7778,2,3,0.25,0.625
infinite-v1-hard-0312,v5-hard,609601000,sha256:06f056ad885cdfdee460970c9f64d4b242844ff4c96cf93a68be9215689675df,5,7,35,0.8333,2,5,0.3929,0.75
infinite-v1-easy-0313,v5-easy,610601003,sha256:435ebe9f00f436d4cd708b47f1398b928087632d53e10c29b3542b4a8e24e7f0,6,7,7,0.9259,1,5,0.2444,0.6
infinite-v1-medium-0314,v5-medium,417600964,sha256:eaffc54404fd5d238582fe188e7022d77e2ad96ac4c82942ddfaf0b9d026f784,2,3,46,0.8,2,4,0.1364,0.5
infinite-v1-hard-0315,v5-medium,515600988,sha256:9a9d75bcf5b2fd02af595180ea5880a83e256a7b9a9b5b600a5afc6188e2de18,3,14,23,0.8929,2,5,0.4444,0.7778
infinite-v1-easy-0316,v5-easy,613601012,sha256:9f034c82fb08206b1805738f1fce608bd03471ec16d340670183d9877882880a,3,4,38,0.8333,2,3,0.4762,0.8571
infinite-v1-medium-0317,v5-medium,1196601141,sha256:b5aaa3717c7f7ea8af6e6aab022985dcd5e41cb4e22cc1182730da11c4d5cd62,2,25,36,0.8551,2,4,0.2179,0.5385
infinite-v1-hard-0318,v5-hard,1488601207,sha256:c0ca631c0b854ccd573b294c13bc5f9f13e99daaa3a37ae50f5097c66132caa3,1,18,42,0.8286,2,5,0.1868,0.5714
infinite-v1-easy-0319,v5-easy,1004601105,sha256:5e543e904c448aa5c0bae902e684802b413bc6c0909f29c3a962781b8c19088c,5,4,28,0.8824,2,3,0.2222,0.6
infinite-v1-medium-0320,v5-medium,811601066,sha256:17f06936dd120900bf69814fdd58902430397023b71a22b9139343d82f8e5d68,8,22,35,0.8261,2,4,0.1818,0.5833
infinite-v1-hard-0321,v5-hard,1879601300,sha256:8fe33998efd113d6557f19d1d4f73ef19b5a9cf52b46918b42c939394635f0b2,2,9,26,0.8333,2,3,0.2667,0.7
infinite-v1-easy-0322,v5-easy,328600967,sha256:b95e521fb30b5bc75785cd467249bce3f3579103d3bfbb485988bba74d5d5b37,8,6,28,0.8333,2,3,0.5238,0.8571
infinite-v1-medium-0323,v5-medium,1590601243,sha256:b55dcd547f20d4fdcbfe745f277bb28cad583b26a7ebd2da9df358d55f42703b,6,18,43,0.8333,2,3,0.6667,1.0
infinite-v1-hard-0324,v5-medium,427600994,sha256:af26373e7816659a47de415fa52aba4e0f04373590eff791063155e3dca70a6d,8,25,31,0.8889,2,6,0.4444,0.8889
infinite-v1-easy-0325,v5-easy,428600997,sha256:5ae5a6f829b9a5bcbdddf08fc97e969c10271eb1d014c335be932a0828331c24,6,26,30,0.8857,2,5,0.3778,0.7
infinite-v1-medium-0326,v5-medium,429601000,sha256:a1b82e644b4c0346461991eb6dabdd96e12b333cea763ab09e92e1758d07e1f7,8,29,38,0.8551,2,4,0.4167,0.7778
infinite-v1-hard-0327,v5-hard,721601066,sha256:f5eac83ba23cfdf9641117ec1ed80d0401d9975d5fd4b044fa993827921ca601,7,21,36,0.8333,2,3,0.3056,0.6667
infinite-v1-easy-0328,v5-easy,722601069,sha256:7209160e08be590b4202dfb7e002c4dee50b141f0078efc186ef28cfb225382b,5,2,48,0.7778,2,3,0.2857,0.7143
infinite-v1-medium-0329,v5-medium,1693601282,sha256:97a29f1ea9bd6b68e91a11dc6dc1fd48b82b3ed36ada064980102cb91ddcacd3,6,6,35,0.8333,2,3,0.5238,1.0
infinite-v1-hard-0330,v5-hard,918601117,sha256:5e00e0982911236345c4bb6f70d7dce16ad985d79987d7e5ea456f23e30434ee,5,55,56,0.7,3,4,0.4722,0.8889
infinite-v1-easy-0331,v5-easy,337600994,sha256:05f73a46c2c6073c8d6ce0c4f6208ae44d5c8c6ef23958cdf3e11c55de613d86,7,21,39,0.8462,2,4,0.4167,0.7778
infinite-v1-medium-0332,v5-medium,532601039,sha256:319109172c323bcfac5645c980d90473992fa036b5c8dcdc298e9abea9beff95,8,10,26,0.8333,2,3,0.2,0.5455
infinite-v1-hard-0333,v5-hard,1309601210,sha256:7481b4c29ae1c25d18b2ca232b3539aa0c3cc5ad158eca894b7b3c4edc51e6c7,1,5,27,0.8333,2,3,0.3056,0.6667
infinite-v1-easy-0334,v5-easy,728601087,sha256:a1f924ddb24aac5a1d692f1fc341c5f9b099798b8a870b6f3c4028898512d19e,7,5,33,0.8148,2,4,0.3929,0.75
infinite-v1-medium-0335,v5-medium,923601132,sha256:4acb2d07cd537324e4b20d4a4f8a1aaf2279f943eb08c9cd4b228ac82ecbcdc2,8,4,48,0.7778,2,3,0.1944,0.5556
infinite-v1-hard-0336,v5-medium,633601072,sha256:d7a8757b16515cd9482c47520c7a8f638b3be88367b96b8738b310d7f9fb949e,4,19,40,0.8333,2,3,0.1667,0.5833
infinite-v1-easy-0337,v5-easy,731601096,sha256:e755148d9b025dcee95be1728dc9205e9c3e213df80f67a77ddea844184a41a3,3,3,31,0.8333,2,3,0.4286,0.8571
infinite-v1-medium-0338,v5-medium,441601036,sha256:e5766a7eed7975fa835507e031200339ed9a0b6f031e1a2930fcb692cc881516,4,42,46,0.8333,2,4,0.1417,0.5625
infinite-v1-hard-0339,v5-hard,1218601207,sha256:6628e11ebf625b7b7dcfe4155c4083c44f76c4acaa536fe78aa391c666c112ee,2,8,38,0.8333,2,3,0.3056,0.6667
infinite-v1-easy-0340,v5-easy,346601021,sha256:a70f50e4c174c9913cf97aff3b5a2cbbce42db03306c931f1a3dcd563c921d98,4,3,50,0.6667,2,3,0.4,0.8
infinite-v1-medium-0341,v5-medium,444601045,sha256:133017535704d65d7c57e614e73a7503faf04b02a0a6fdd28ef529ce2f544d3b,5,34,37,0.8333,2,3,0.3929,0.75
infinite-v1-hard-0342,v5-hard,1318601237,sha256:9bbb3eaf1568f274988e7e631bedf40772e386d72d9aa2cbfa4e8c17648c2076,4,125,39,0.8333,2,3,0.2222,0.6
infinite-v1-easy-0343,v5-easy,543601072,sha256:59456ff607128771f7b07778df9d86e6c4a2d01ea46f41dd22e7a42a5a2065e7,7,5,49,0.7778,2,3,0.2857,0.75
infinite-v1-medium-0344,v5-medium,738601117,sha256:7f1707c16dc1d891af60a4ca229a688a5ff200594400f37a13244bb67af4893a,8,20,57,0.75,3,5,0.1667,0.5833
infinite-v1-hard-0345,v5-hard,1127601204,sha256:bc902a142c95bed9126f08c2539c55d493d830c1ad942a3f8ea8fcf1016a53e0,7,146,35,0.8824,2,4,0.5238,0.8571
infinite-v1-easy-0346,v5-easy,352601039,sha256:587490001b4e3ecc703a716daf2a1b08ba747ee81fe1685b276bf6eaa976bcac,6,13,22,0.9091,2,4,0.2727,0.7273
infinite-v1-medium-0347,v5-medium,1032601189,sha256:b1adae59193757268830051c93d4e59be92190267538f8f81c35e0297aea1e33,3,7,29,0.8571,2,5,0.3611,0.6667
infinite-v1-hard-0348,v5-medium,451601066,sha256:afea5016298321f4b064facbb8cfdc7299d9c2d1138a4c5c46d19f342663263a,5,5,48,0.7778,2,3,0.25,0.625
infinite-v1-easy-0349,v5-easy,355601048,sha256:a221251dd05e6d06d3934495fc3c1905ce5a16f1ec78838b321bd991b804a665,4,7,49,0.8333,3,4,0.5714,1.0
infinite-v1-medium-0350,v5-medium,356601051,sha256:6f246049b72f3509ace9d993b68852e96c6d21c963af083da668fa88beebee68,2,1,37,0.7778,2,3,0.4667,0.6667
infinite-v1-hard-0351,v5-medium,551601096,sha256:5af2ae8abc9abd7d47eba75ae4cab234563119cf8abc8ca50d787435990e6b65,8,61,18,0.8947,2,6,0.2527,0.6429
infinite-v1-easy-0352,v5-easy,358601057,sha256:c525281f0727e212638305fd2d032373c2ac9a41d806bccc71654d77a276fbea,5,12,4,0.9412,1,4,0.5714,1.0
infinite-v1-medium-0353,v5-medium,553601102,sha256:69ab4d6b40fad64ca0b91622de0e394919d4f859e757a021d6a54676628a11d6,8,50,53,0.7568,2,6,0.4182,0.7273
infinite-v1-hard-0354,v5-hard,1718601357,sha256:61a37c75b9d29a2c45b3d2bc33d5426fca425e8e876da44e60465f01155057d8,1,3,38,0.8333,2,3,0.4762,0.7143
infinite-v1-easy-0355,v5-easy,555601108,sha256:1e84a5913c86ab59dfed75e6284fef8a8f3e30dfe203fa5937adf28f89b10a3b,1,1,47,0.7778,2,3,0.3333,0.8571
infinite-v1-medium-0356,v5-medium,459601090,sha256:6b783b180f1efdd5a598d49fcfe6e63f52b4215b120f210f44f055fdf952fa53,4,2,47,0.7778,2,3,0.25,0.5
infinite-v1-hard-0357,v5-hard,557601114,sha256:d2af505862baaa683156ccc0aabd90a2f9923528556e2fdadb9ef68b6094fc9d,8,18,41,0.7778,3,3,0.4722,1.0
infinite-v1-easy-0358,v5-easy,2013601432,sha256:8fd26f5137427b031504cd4bad35a576dedaa2d37d1e0f052d613fe0377ce62a,6,4,49,0.7778,2,3,0.25,0.75
infinite-v1-medium-0359,v5-medium,365601078,sha256:a72c086209e6c3d774b98cf105be4c7663e4de72f957f9d1179418fcff0a67be,5,21,32,0.8286,2,5,0.1758,0.5714
infinite-v1-hard-0360,v5-medium,366601081,sha256:525643fd5e07d94ccf8edb0670f661c5329ca799365c9bef4329a0a4c2d99176,6,12,51,0.7778,2,3,0.7,1.0
infinite-v1-easy-0361,v5-easy,464601105,sha256:d3dd92048c3630c98a4498f659d177dc3ea08a445904d46226cf2e457d3acbac,3,17,19,0.9091,2,4,0.2273,0.5833
infinite-v1-medium-0362,v5-medium,368601087,sha256:a86550cb36d20e456996065cef09367066a85eecffbf0d0fa8d579ad7e54f63a,6,47,34,0.8485,2,6,0.2424,0.5833
infinite-v1-hard-0363,v5-hard,2018601447,sha256:79bae38e9aae89454cc3709a68f3c38eec19e326b3d5d6eeb90941dcbc182d72,2,5,41,0.8333,2,3,0.3056,0.7778
infinite-v1-easy-0364,v5-easy,1437601324,sha256:7fa99039af6cc6f6b0896fcc9bfa9638259f31b801fe893cb13116410345805f,5,8,27,0.8333,2,3,0.2222,0.6
infinite-v1-medium-0365,v5-medium,468601117,sha256:0ed01e496e1ff2be6c34ef36c05a880755e859cebe6c88e8eb926dc1e320cbb9,2,5,23,0.8824,2,4,0.2778,0.6667
infinite-v1-hard-0366,v5-hard,1827601414,sha256:f3d147e94f71f1e25b230f1c43b431cefb984879d75c5f11ddae755bccf653d9,2,18,39,0.8333,2,3,0.2778,0.7778
infinite-v1-easy-0367,v5-easy,567601144,sha256:2de33ab9b0d68d2dc5f09724e69477695f42da27be1d4c5d060ac3ade63376fa,8,26,44,0.8222,2,4,0.2179,0.6154
infinite-v1-medium-0368,v5-medium,568601147,sha256:eae4115c577d298d0a47ff6b005f20a4da8a7175102af003aaeccd51081ab93d,5,51,38,0.8551,2,4,0.1619,0.5333
infinite-v1-hard-0369,v5-hard,1636601381,sha256:b30c864ec42b95bbaa58244c3b162d8686088f2ba9b003263d3d1f438324af94,8,59,38,0.8333,2,3,0.3056,0.6667
infinite-v1-easy-0370,v5-easy,376601111,sha256:f34a21c6301c488494e0ddfa9d7e1a61bf8a436d9a3c9a83c78c8912e8055b99,3,4,32,0.8261,2,5,0.5238,1.0
infinite-v1-medium-0371,v5-medium,571601156,sha256:88dee095f1b8c7cb90796368c1775d90a8b2069ff7669a5529d9c0f5baeae09f,6,13,11,0.9268,2,6,0.2909,0.6364
infinite-v1-hard-0372,v5-medium,475601138,sha256:3298c65ab7d7fdc7a1ccafc0fcda263efb22aa58b618dd648c2c1d5923eeaa51,4,7,38,0.8333,2,3,0.3929,0.875
infinite-v1-easy-0373,v5-easy,2319601540,sha256:1fd92e268b839c5e7b41b031b8e1690a987c1008611cf55f77e7ab2f18c68d5d,2,2,25,0.8824,2,4,0.4762,0.8571
infinite-v1-medium-0374,v5-medium,477601144,sha256:dfc4e66255134d3d2151a5b2d92a6f46f42fe9f94f63092a6c400c7e97149069,5,10,36,0.8824,2,4,0.2182,0.6364
infinite-v1-hard-0375,v5-medium,478601147,sha256:cc4cbc0df4bbef4a36fe09e8582d1fe316ad0a933e4382a5da0628ac73f16566,6,25,15,0.9091,2,5,0.4,0.9
infinite-v1-easy-0376,v5-easy,673601192,sha256:e47baa90aa0fa1e67c67efe6f84c17b5682c8468f16a434ac602cfbfe676d38c,8,13,29,0.8333,2,3,0.2444,0.7
infinite-v1-medium-0377,v5-medium,1062601279,sha256:f9c09688e448145736a83c65c76cfc6d696c7c0f0d356227846b385987c79829,4,22,42,0.875,3,4,0.1758,0.5
infinite-v1-hard-0378,v5-medium,384601135,sha256:d48fc1ab1fc86c3c690217387abcbc4ae72aaad4dea6e18109696993c3c0b36a,6,37,39,0.8333,2,3,0.2222,0.6
infinite-v1-easy-0379,v5-easy,1840601453,sha256:e1ae336209076158de8770aaf0925911c8370585e1abcbc0baa8a2fcab313132,4,2,50,0.6667,2,3,0.4,0.8
infinite-v1-medium-0380,v5-medium,483601162,sha256:ef189a701ce65ac10c89c4be61532593914f9eb0f8591ac4d154b967afb7a0af,3,16,23,0.8857,2,5,0.2179,0.5385
infinite-v1-hard-0381,v5-hard,484601165,sha256:596146ff7f0f938acc2f5263e6fabe23fa1ceb91500d2533ac9f2a0fd9d4049e,3,4,38,0.8333,2,3,0.2857,0.625
infinite-v1-easy-0382,v5-easy,485601168,sha256:f2a88a9e09ad1beb71d9a937547446249f019c0050cd4ba947ee127d0b57cf1c,7,16,38,0.875,3,3,0.1923,0.6154
infinite-v1-medium-0383,v5-medium,389601150,sha256:a83396ff0deaf59a1926a1255a0a96f27b1303429ddd6863ae65cfa1300bc020,6,12,32,0.8378,2,5,0.3889,0.5556
infinite-v1-hard-0384,v5-hard,1554601405,sha256:3b1ed186ee6b06591e91391e7beb07545547d39b94956ab8cf81adbf43f42194,7,94,49,0.7647,4,4,0.3889,0.8889
infinite-v1-easy-0385,v5-easy,682601219,sha256:2ee78686dfd452a1972cd9878a757a65fe18e53081043ca1d18a941240d695d9,2,4,5,0.9231,1,4,0.5238,0.8571
infinite-v1-medium-0386,v5-medium,489601180,sha256:445abe01a2d6f0013a11799a6d487f161a9d051c1b5ed719f1784a0b09f942bb,4,16,37,0.8889,3,4,0.4762,0.8571
infinite-v1-hard-0387,v5-hard,1751601456,sha256:83145c297635efbacb369443cd659e1ab9db048087ca69883ac4fad693cb4f75,5,32,50,0.8235,2,4,0.3778,0.7
infinite-v1-easy-0388,v5-easy,394601165,sha256:4fca27246304c549f01fcd71e84bdb6c6769173d6b04aa9cb019135caaec1498,7,4,50,0.6667,2,3,0.4,0.8
infinite-v1-medium-0389,v5-medium,395601168,sha256:7402157cec5ed435f33c5a72bda0511d3dd2ca9823ed67251b4358d68e957cb9,3,17,50,0.7273,5,6,0.3182,0.75
infinite-v1-hard-0390,v5-hard,1172601339,sha256:40475c2c7cbebf746b129acd60637ab92f9812610b9ca338622ecb97d8e0b5be,8,90,33,0.8947,2,5,0.3556,0.7
infinite-v1-easy-0391,v5-easy,397601174,sha256:efc0b0d9c1635ad59a5719daf10e2ef6e9eabf318f8f83f1d824544e8585e4a6,7,4,37,0.7778,2,3,0.4667,0.6667
infinite-v1-medium-0392,v5-medium,398601177,sha256:b7a6a8d1161fbc98d059add6f97889e5e7363eb93f205a3847892e075e5aa766,2,9,27,0.8333,2,3,0.1282,0.4615
infinite-v1-hard-0393,v5-hard,2242601579,sha256:24cd35c3ce282b4eb6e5d413d817cc1976e484371e9c686bb92d59963e85b592,8,46,55,0.8571,3,4,0.5238,0.8571
infinite-v1-easy-0394,v5-easy,594601225,sha256:2a74b59421bc2c3816f8e7b9778b0c39da8128eed2e2eb72f08c3a4d4adaa148,3,1,40,0.7778,2,3,0.4667,1.0
infinite-v1-medium-0395,v5-medium,789601270,sha256:4ac2c584b089a2ee8870b25a34a3018453f0d03fb22a1c6b5dfe515e2e458f7d,6,9,43,0.8333,2,4,0.25,0.625
infinite-v1-hard-0396,v5-hard,887601294,sha256:0c720ce5109b9044ca859c19a64a5b06a7658a5a2eed4f54ee7380344bb45698,3,70,38,0.8333,2,3,0.2444,0.6
infinite-v1-easy-0397,v5-easy,597601234,sha256:3f7a7d153a7a641e035f11bef73a0e67308a495dd232492a22bc14511e85fc87,1,6,68,0.7059,3,6,0.3333,0.7
infinite-v1-medium-0398,v5-medium,792601279,sha256:3bf4c7bb09eaa5c0ab92cf8eb2d68eb2d2487f11bf0d4e103feb2e15b70060c2,5,4,48,0.7778,2,3,0.2857,0.625
infinite-v1-hard-0399,v5-medium,696601261,sha256:4479e7f7caf58b90d971366c3e8838c67c1de936af371b0e4e68e76e413044ef,5,2,45,0.7778,2,3,0.4667,0.6667
infinite-v1-easy-0400,v5-easy,988601327,sha256:c639b996055dd3681320cdc7f9555f859d6b69c316eaa6bc45c42001518b0c13,1,1,43,0.7778,2,3,0.4667,1.0
infinite-v1-medium-0401,v5-medium,504601225,sha256:53b50e2789286da568137d692bf7b9fddb0ab656cec1b84f3e3078e4b10d9407,5,19,36,0.8333,2,3,0.141,0.6154
infinite-v1-hard-0402,v5-hard,2057601564,sha256:c2390121529b05ba319eb758c8d530329c06572fb491691e652e4bd393927994,4,17,37,0.875,2,3,0.3778,1.0
infinite-v1-easy-0403,v5-easy,409601210,sha256:4c8a2975a5d1abcc35dad503140abaeef48fea98d1ec8d50d25580ad82b36f14,7,6,37,0.8333,2,3,0.5238,0.8571
infinite-v1-medium-0404,v5-medium,410601213,sha256:46c3c4137b72d3be9c629bf3ab48409d8cc3e0319666f8455158b883b28d9625,2,8,35,0.85,3,5,0.2273,0.5833
infinite-v1-hard-0405,v5-medium,411601216,sha256:4d08c1060f808517134f5ed1b7682a7d6ca197d50d335fa0fee20904ca12ee73,3,7,43,0.8462,2,4,0.5714,0.875
infinite-v1-easy-0406,v5-easy,606601261,sha256:16fbce0a030b5fdeaae7fe0ee1c51c024ac5b9749c5f5ba9f31b01d7b3e215d9,7,5,47,0.8,2,4,0.2222,0.7
infinite-v1-medium-0407,v5-medium,801601306,sha256:7e95ca82aaffc39d88b2548f9301040a9ae970af627db831fcc31bc68bdb3446,5,66,47,0.7333,3,5,0.1619,0.5333
infinite-v1-hard-0408,v5-hard,1966601561,sha256:81440cafe4cc58865846fb5f266dde393ee6617161221cab4c579ccf176d0e13,7,9,37,0.8333,2,3,0.3929,0.75
infinite-v1-easy-0409,v5-easy,1482601459,sha256:6ef3fb63087b59ef65c8c8bde110d71a22747df9a1488dd128045459137cacc2,1,1,42,0.8333,2,4,0.1944,0.5556
infinite-v1-medium-0410,v5-medium,707601294,sha256:ed5ff092e626fd422e3552f226a23737a0a73cd1fbc2920bf741b08294504962,4,17,30,0.8333,2,3,0.5238,0.8571
infinite-v1-hard-0411,v5-hard,805601318,sha256:04b541bc13c634666c55f01b08c2159c714ee57b49216644492499c80b46d0c8,5,34,66,0.7647,4,5,0.5833,1.0
infinite-v1-easy-0412,v5-easy,515601258,sha256:471b7151bd0f71b6e98f54cfeb4e024e8758a73ccd0dbcf783e20890c468a826,8,7,29,0.8333,2,3,0.2222,0.6
infinite-v1-medium-0413,v5-medium,516601261,sha256:09e3bd9b9067500a57581a532fbd278db346226de89b7fe373bacd8871aa985d,7,19,32,0.8462,2,4,0.3556,0.9
infinite-v1-hard-0414,v5-hard,808601327,sha256:ae72122a36e9a8fba9a7759612c87aa8c555a61661bc0ff178181201e9d5ccc5,8,27,41,0.8148,2,4,0.2444,0.7
infinite-v1-easy-0415,v5-easy,615601288,sha256:09cea68e1f752bb35d7835037b4734207d22c913ed2a7539cd0c9572a957cd27,3,6,39,0.8333,3,4,0.2444,0.7
infinite-v1-medium-0416,v5-medium,713601312,sha256:8cdaf6faa90378a43a4ca54e7fc111a41d227b0169cc2e32337affa685ab37a6,1,7,33,0.9,3,4,0.3333,0.6
infinite-v1-hard-0417,v5-hard,1781601546,sha256:799a09d759d632d9559da5eaa7cad6d6c95eb9ec61862d27dc2aef75f887e925,1,61,61,0.6875,3,6,0.3939,0.6667
infinite-v1-easy-0418,v5-easy,618601297,sha256:cc7622ea070aa9281873a61a9bf6733951c755afa481cb8a9f5160af7ed9bd84,7,7,18,0.92,3,4,0.4643,0.75
infinite-v1-medium-0419,v5-medium,1395601468,sha256:411b5313cb827ad3e403032403894618924b57f8ce76f365a5d6c0ac161d2352,4,5,47,0.7778,2,3,0.1556,0.5
infinite-v1-hard-0420,v5-medium,1105601408,sha256:d2d13e71fbe300c43866dde69735d1794d316d50f554b0a989a94ffee0b7dcd7,2,21,21,0.92,3,4,0.3333,0.8
infinite-v1-easy-0421,v5-easy,621601306,sha256:856c437ecd7b83654f11a0b761f40a2fab310fba296b47c410fddcf8931bb1ab,1,3,52,0.8333,3,4,0.2667,0.7
infinite-v1-medium-0422,v5-medium,913601372,sha256:af974da0b34816283f62a3835a51f29100839ab58ffdcb1c7caea9dc39accd7f,7,42,28,0.8571,2,6,0.3556,0.8
infinite-v1-hard-0423,v5-hard,1593601522,sha256:a6f542e55397c0cd9b4adde6972915974eb8bafa3e74f3b4916f957cb3eea6df,5,178,47,0.7895,2,5,0.3056,0.7778
infinite-v1-easy-0424,v5-easy,721601336,sha256:c95503d5b067dc226db09d3af4be7332960dc4b4190e0f3cd58f350cfb687555,2,3,30,0.8333,2,3,0.4762,0.7143
infinite-v1-medium-0425,v5-medium,528601297,sha256:a63c6ae8bb5b0b4b675121f5ef2d69dca2907d515abd719a957613cd06cb6f09,4,16,41,0.8551,2,4,0.4444,1.0
infinite-v1-hard-0426,v5-hard,723601342,sha256:4945ac24c37b9a53ac0fe78134345012dac009ad07f45937c9c4b54242fcc8b4,5,98,37,0.8235,2,5,0.4,0.8
infinite-v1-easy-0427,v5-easy,1112601429,sha256:ecb991ec8ba8c8f7f7fc78d118f945a3f2e9bf301f9f8f1f81b9fc62ee82b49a,2,1,41,0.7778,2,3,0.4667,1.0
infinite-v1-medium-0428,v5-medium,434601285,sha256:62788160c7ecb19be77df55ac1556a14c3455a2d83a2fa4b1cd921f8e22397e0,2,5,36,0.8333,2,3,0.2444,0.6
infinite-v1-hard-0429,v5-medium,435601288,sha256:92b63f25efa964ba2f587797a115774a2d2c4d0748d6f99b1e7ff0ff6ee8691f,7,47,63,0.6842,4,5,0.3182,0.6667
infinite-v1-easy-0430,v5-easy,436601291,sha256:53abd6a39bb1d2c34167fb0ae9bf424d6f140057a2964427bc3998e8fc9eacd1,2,13,3,0.9412,1,4,0.3111,0.7
infinite-v1-medium-0431,v5-medium,728601357,sha256:0f66134b993f9feb2b342b6b3646ceed29b31d861e78d534a5986d9e1bb10a48,7,27,38,0.8333,2,3,0.3571,0.75
infinite-v1-hard-0432,v5-medium,438601297,sha256:957568640be326162e70882524d1e721efab184ae77e3b406ba8f2e97f241664,1,18,35,0.8919,2,4,0.2051,0.6923
infinite-v1-easy-0433,v5-easy,633601342,sha256:68e1923071d916d03371e4a27de6f058419a0961a59097147109c57949f99b27,4,2,34,0.8333,2,4,0.4,0.6667
infinite-v1-medium-0434,v5-medium,828601387,sha256:2d57ec856541aa51d007679787d2051dabede01618ef0f65d797d59eaa78214a,5,10,36,0.8824,2,3,0.3929,0.875
infinite-v1-hard-0435,v5-hard,1023601432,sha256:1762a958ba7cbdf957babe27a0cf1855024920464e372a2a7de0877774e99517,2,6,40,0.8148,2,4,0.3056,0.6667
infinite-v1-easy-0436,v5-easy,1509601540,sha256:459d0f519cf516abc6717e456eda57e72584baa4ad14fcf3d038c6f8bdca4a66,1,4,39,0.8333,2,3,0.2222,0.6
infinite-v1-medium-0437,v5-medium,443601312,sha256:c53059b9964c494c1ed2a2ecebed30f1982df61b08de834abf2c3ee59427bdd8,3,8,18,0.9184,2,5,0.5714,1.0
infinite-v1-hard-0438,v5-hard,735601378,sha256:c7d9270ceaecd5aeeb0ad11db10eb6df676429f82c3c8ae6ed77e69fcdca8e71,3,11,39,0.8148,2,4,0.1818,0.5833
infinite-v1-easy-0439,v5-easy,930601423,sha256:aadae4a801c395c9b7a3d244d2411f3d88c52536d8baa4d77b9ee2b73dd9638d,8,10,40,0.8333,2,5,0.5238,1.0
infinite-v1-medium-0440,v5-medium,737601384,sha256:79a87e31deb32e0c5ed56aa2989f168833e19e07209dc4810bf4d6c1188a1af0,2,12,46,0.8261,3,4,0.6786,1.0
infinite-v1-hard-0441,v5-hard,1514601555,sha256:8690a6e74b97efd13e4c72f9135068560d89fd9d51196a708d1418a65b63f9e6,5,56,48,0.7895,2,3,0.2444,0.8
infinite-v1-easy-0442,v5-easy,448601327,sha256:1a6426b62ffb08cc34fce0c960d952a82e52b56e30d943e4e124237eacf2d26b,1,14,32,0.875,3,4,0.197,0.6667
infinite-v1-medium-0443,v5-medium,546601351,sha256:74147b32842a629ef8a4a50bb462abdace8ef07011a0d313bee6b64408a9b09d,7,4,51,0.8333,3,4,0.2444,0.5
infinite-v1-hard-0444,v5-medium,1032601459,sha256:b401d0097ab8a8c34d492b5117e99685f1c492004cd5f4eef3f52a3baffa09be,1,6,39,0.8333,2,3,0.2,0.7273
infinite-v1-easy-0445,v5-easy,1227601504,sha256:d019e11f23f7514467495ea48639e051c45c8e44bf32274bc01e0ca686d51d76,1,15,43,0.8519,2,6,0.4722,0.8889
infinite-v1-medium-0446,v5-medium,646601381,sha256:ca0129f27fcfd1958f4e15bd077b4b4a2c3e6fcc7763c313af77212a64d8ed53,8,25,31,0.875,3,4,0.1795,0.5385
infinite-v1-hard-0447,v5-medium,938601447,sha256:8fc5c495b6be179bbfcc15a8dc38f811ccb3e40721f3a7ab648b6619f926068b,6,19,37,0.7778,2,3,0.1944,0.5556
infinite-v1-easy-0448,v5-easy,1230601513,sha256:30c9e8022459d4e81165defb797b0928831427e016b78b55663d531656c236ff,2,15,35,0.8551,2,4,0.4444,0.7778
infinite-v1-medium-0449,v5-medium,843601432,sha256:f7c8932cf0cdf0fbb8cf19ecf6950154a3f842a6c2338f6b21c8c30c548ea5b3,8,44,34,0.8571,3,4,0.3556,0.8
infinite-v1-hard-0450,v5-medium,650601393,sha256:8b2c0e081087e880fb79dd96c6115c176e4ccc104be53497354a105ed3b27bc2,3,11,41,0.8333,2,3,0.1818,0.7273
infinite-v1-easy-0451,v5-easy,457601354,sha256:813c71d4f0dfd5d99bc821dbf2dcb10e02acefbf6e38dfceeef8bef805ce1bbb,8,12,41,0.8148,2,4,0.5238,0.8571
infinite-v1-medium-0452,v5-medium,555601378,sha256:95c497e983f359663597425ba6188665fb617b4bda348b03ac6c5dcfe6f11a72,4,6,40,0.8333,2,3,0.1667,0.5833
infinite-v1-hard-0453,v5-hard,1041601486,sha256:0950e8eb15aa82aae0f0ec6718206f6e92b4cb7826ba3f1807214c1b87dde894,3,27,28,0.8974,3,4,0.2576,0.6667
infinite-v1-easy-0454,v5-easy,848601447,sha256:385e4d379215caa53622e724140b91b49fccd93b92fc703481345413ad723b8d,7,2,48,0.7778,2,3,0.25,0.625
infinite-v1-medium-0455,v5-medium,1625601618,sha256:89b95bd4809e294bb542c6d1c6136f8e31cc6579886f8d357166a8dca1910209,2,3,40,0.7778,2,3,0.25,0.75
infinite-v1-hard-0456,v5-hard,753601432,sha256:af19f834bcc2e1da8cd01e8a6cb02f206d86e92a1e9980a8ec295f421d60eed3,2,36,37,0.8667,2,4,0.2909,0.6364
infinite-v1-easy-0457,v5-easy,1142601519,sha256:25ab9966c35aeb3483b939cf34588926386dcc008302537d68ac3a403f2e6392,5,6,28,0.8333,2,3,0.5238,0.8571
infinite-v1-medium-0458,v5-medium,561601396,sha256:939f18c3322ec73b30209aba21026d828ed5c6b7487396e2a8312bbaeea6e4e4,8,35,22,0.8824,2,3,0.5714,0.8571
infinite-v1-hard-0459,v5-hard,1629601630,sha256:7ba77f9f2619043a95cfe32a47df609af836056f8141fbf8dccb0c8e982562df,2,4,36,0.8333,2,3,0.3929,0.75
infinite-v1-easy-0460,v5-easy,1727601654,sha256:568677298f3544c6d220dddb8bb21792e0addcc9f7e11f9d42eec1c1a631b5f1,4,5,37,0.7778,2,3,0.3333,0.8571
infinite-v1-medium-0461,v5-medium,1243601552,sha256:433fcc02429cdf9f603a10a21b874ea943565f973cafaeda19f918a0ab3b70e2,4,15,41,0.8519,3,3,0.3111,0.7
infinite-v1-hard-0462,v5-medium,662601429,sha256:66ea236f3d1edacc63420ef1053692a9f9b94080484860b664054ea260b5abbd,5,9,37,0.8333,2,3,0.3929,0.75
infinite-v1-easy-0463,v5-easy,469601390,sha256:e60b239b2a5901b6df8bd3b0e99b056d69ba20c7ec515df57516bca92a3618fa,3,3,50,0.7778,2,3,0.4667,0.8333
infinite-v1-medium-0464,v5-medium,664601435,sha256:b059f67fb647ebbebb7a5e6f51e7843fc88a86bea017cecf04f392c8a17e6b48,3,23,25,0.8551,2,4,0.2909,0.7273
infinite-v1-hard-0465,v5-hard,2702601879,sha256:c835f3f61eb91e72d303fbd89174dd05e16e2a9b9d6d4432e87a52fabb05992d,6,96,26,0.8889,4,7,0.4,0.9
infinite-v1-easy-0466,v5-easy,1636601651,sha256:ebe601a20195fd1eb263d39872ccd9a6d2a474465f852ada79fca59ba8846e56,2,8,17,0.9091,2,4,0.5357,0.75
infinite-v1-medium-0467,v5-medium,473601402,sha256:9157dae0812fbaffc3868ba4ed0b14eb67749ed2a5dab18d91a04f16a2b29cda,2,5,37,0.8333,2,5,0.5238,1.0
infinite-v1-hard-0468,v5-hard,1444601615,sha256:2d099bc0f615ad5b17024da1aac3db39f0870c5e3ef6559560f934fb9e2432e2,2,15,27,0.8333,2,3,0.3056,0.5556
infinite-v1-easy-0469,v5-easy,572601429,sha256:ebf8591673e991ded52c7ab7c8b7aff3bd9dc750dde534f315c539398eb3cfe9,7,6,47,0.8261,2,4,0.4286,0.75
infinite-v1-medium-0470,v5-medium,1543601642,sha256:b4d81dccb711c9f2a274fd018733d471d11f02a09bf83030777933c007c0d693,3,8,42,0.8333,2,3,0.1364,0.5
infinite-v1-hard-0471,v5-medium,1156601561,sha256:adf9b092b202904a53fe4cdbe0f6880c9405c3ed8707fecf7f32ad77e8fcace9,6,23,29,0.9091,2,4,0.2121,0.5833
infinite-v1-easy-0472,v5-easy,2030601753,sha256:08facb0e0715f028b9ec3dc4b1d2cd3aab99640fd6ceb97c25a1a2be62a9bac3,6,4,36,0.7778,2,3,0.3333,0.7143
infinite-v1-medium-0473,v5-medium,770601483,sha256:863672b7ede3361057481f700cd507df7c177bd158347c41d63c25a74b65420e,4,18,29,0.8571,2,5,0.4444,1.0
infinite-v1-hard-0474,v5-medium,771601486,sha256:fa7ae34e8971df28c986523bfa97efdeace2fab03fd54018fa62e892422828cc,7,21,51,0.7778,2,3,0.25,0.75
infinite-v1-easy-0475,v5-easy,966601531,sha256:65cc2f308a6bfe88d9d181c4d323c7a6bfecb90b6740d7c977d775e1615150a5,3,11,28,0.8596,2,5,0.5714,1.0
infinite-v1-medium-0476,v5-medium,773601492,sha256:af6ce81ac3a336a7b95ac2fbbde5bcff747cce1f9e052810033752960adf7879,8,35,36,0.8333,2,5,0.5238,0.8571
infinite-v1-hard-0477,v5-hard,483601432,sha256:f0cc283bfcc788f777230752cace0a4a5870b9e0ae3a7a474405712fc9fb57e0,8,44,40,0.8,2,4,0.2222,0.7
infinite-v1-easy-0478,v5-easy,872601519,sha256:9d196d7b523d05b437d1edc0f686bdf159e0d686c8f02fe97d619d1003265584,1,1,36,0.7778,2,3,0.3333,0.7143
infinite-v1-medium-0479,v5-medium,1067601564,sha256:f9040f511981f6ee2944a5a9d6aec3fdcafc3a9ecea954d2fd62b9e56bd50317,2,19,26,0.8551,2,4,0.3556,0.8
infinite-v1-hard-0480,v5-hard,1165601588,sha256:035c7661c2d62b4aa99edb9c3b39a4f610c471fb4dd7cbfc0507cc2a88e946ad,4,22,38,0.8148,2,4,0.3929,0.875
infinite-v1-easy-0481,v5-easy,1263601612,sha256:d81409a687c715c6046d43fa5e19b777f2bf89dc783dc66a45bed344b38cd58d,3,4,34,0.8333,2,4,0.2857,0.5714
infinite-v1-medium-0482,v5-medium,488601447,sha256:2d827d960b2eb6c81c7d2ddc5371ee5ccd714528ff2f89eb2752e0aec3bdef37,5,9,39,0.8,2,4,0.1364,0.5
infinite-v1-hard-0483,v5-hard,1847601744,sha256:6e76f6468973b3c9076a01d991591705ab3cf223d88a315f2c874f600ff59254,2,10,37,0.8333,2,3,0.1667,0.6667
infinite-v1-easy-0484,v5-easy,587601474,sha256:ac56cdd6cad48421b47d2203f2c286438d7a37f681b05326f2ec0b60f056b224,7,21,4,0.9245,1,4,0.2909,0.7273
infinite-v1-medium-0485,v5-medium,782601519,sha256:776e63039c072bae5c871673716a1a63216272d718bc6de89b90dedcf173682b,7,13,12,0.9375,2,6,0.3333,0.6
infinite-v1-hard-0486,v5-hard,589601480,sha256:edb82ec09c07129e9b81bd75e5f5f26c2e4d7a85d386c4a7f6f7efbb26ced236,8,45,59,0.7231,2,6,0.6944,1.0
infinite-v1-easy-0487,v5-easy,590601483,sha256:ea86e3acac0eae07dcbb78b71ebaeca8377488552f104cd620df1e62d437a283,4,15,56,0.75,3,5,0.2909,0.7273
infinite-v1-medium-0488,v5-medium,494601465,sha256:238fa1b67d35b4e94f2b6261a17ed00de09f04b36f46c48b166434f8887d5201,3,7,38,0.8333,3,3,0.2778,0.6667
infinite-v1-hard-0489,v5-medium,689601510,sha256:1f6e6eb92f1320bc8a397020bed8078fe7a64b36d39c0616de2a4e19f11ff1c0,5,22,38,0.8667,2,4,0.6429,1.0
infinite-v1-easy-0490,v5-easy,1272601639,sha256:be5de58d805bb7b5c18230b6aed69d33090c38e1932eb90f1d80024d233ccd49,2,4,29,0.8182,1,4,0.2444,0.6
infinite-v1-medium-0491,v5-medium,1079601600,sha256:d96244dfb3f366ba622a61b2c321d9e861bf6fbbd4cf1ad80d0e603695dc7958,1,12,54,0.7692,2,6,0.2576,0.6667
infinite-v1-hard-0492,v5-hard,692601519,sha256:13f8dc2a5514358227d213b21aeb85630ad03947042e875ed66d6546f40e35ad,6,10,55,0.6667,3,5,0.2667,0.6
infinite-v1-easy-0493,v5-easy,984601585,sha256:2b546fb0ebda0e454f39992c8d691b1105f13a76478b009a74558ff966021184,4,23,35,0.8551,2,4,0.2424,0.6667
infinite-v1-medium-0494,v5-medium,597601504,sha256:a93452aaf892e98a8e269c183275d5ece250f5c162e33e72d681eb5b881b3bc3,6,5,28,0.8333,2,3,0.3929,0.75
infinite-v1-hard-0495,v5-hard,1180601633,sha256:93c9fa22ab6dc00842f967187524679d78a445aa625972c72071d170c9b42398,3,6,35,0.8333,2,3,0.2444,0.6
infinite-v1-easy-0496,v5-easy,1181601636,sha256:2f990d24e1181e0f6eb43d655d2812c5201e991d322cfaf1da89932f0848e42f,7,5,43,0.8333,2,4,0.3333,0.7143
infinite-v1-medium-0497,v5-medium,794601555,sha256:e6dbdee59550bb0b2f1f48127ceef8f04aa5b609ca3335e897590d3d61957c6a,1,4,26,0.8333,2,5,0.3929,0.75
infinite-v1-hard-0498,v5-hard,892601579,sha256:061e9cda7b29685d7aaa144ecb0fb9a0b8e0d57d9d07aeb79ef868fd52e32e74,6,20,58,0.7273,5,6,0.3636,0.7273
infinite-v1-easy-0499,v5-easy,990601603,sha256:c6f9f4d16d31def03ea47a0795315001fc84cb0f802dc1e4ecf1cc9c221bb850,8,9,28,0.875,2,3,0.3111,0.7
infinite-v1-medium-0500,v5-medium,700601543,sha256:c41251a3a22741644951a5499a6bb4cbd41c4bae0136b27b0db34e3d60acc5ed,2,4,29,0.8667,4,4,0.4643,0.75
infinite-v1-hard-0501,v5-medium,507601504,sha256:f8cf02cedb2d9cb6f5404ad17eb21b5c6c0006ec9a41d73428c3ebf02842151c,7,9,23,0.8824,2,5,0.3333,0.8889
infinite-v1-easy-0502,v5-easy,508601507,sha256:40337ae0454f844d5c42227c0b8af92abb07960d800f28702db2bc2d722887a1,8,7,58,0.6667,2,3,0.4,0.8
infinite-v1-medium-0503,v5-medium,606601531,sha256:4e61fc486d606cd40d601110bd63803d4fbd0d1258453b4f14d623597a408508,1,2,38,0.7778,2,3,0.3333,0.7143
infinite-v1-hard-0504,v5-hard,607601534,sha256:6e5c8a20662e6bd8d9c6f50c1cb25b362279009af509bf0e1b731bfb70697f8e,1,7,32,0.8148,2,4,0.3333,0.6667
infinite-v1-easy-0505,v5-easy,705601558,sha256:19569bddd8055debec50637121c4f04a7945bdedea99689b20161e75d831c0cc,5,23,0,0.9444,1,5,0.2424,0.6667
infinite-v1-medium-0506,v5-medium,609601540,sha256:f35ac6a3a2be65b59cadfb0efd6920b0b838c9a945fd89da428a17be08c04dcd,8,2,39,0.7778,2,3,0.1944,0.5556
infinite-v1-hard-0507,v5-medium,610601543,sha256:28eda23acda4f7629a630502effe6abad1fca289e806f9b95edc9c4d1c9e4e53,2,25,50,0.7333,3,5,0.3778,0.8
infinite-v1-easy-0508,v5-easy,611601546,sha256:30fe1ebfddc02d64751090ccb4fd7ad358c20f0c31b1aecce1bee0de5635ea11,2,9,44,0.7667,2,6,0.4444,0.7778
infinite-v1-medium-0509,v5-medium,612601549,sha256:f1b9704735cfba00ceb782685b4e7e8305af80d5d1865c415fca3de6537b9bca,5,22,33,0.8919,2,4,0.4444,0.8889
infinite-v1-hard-0510,v5-medium,516601531,sha256:9f3d955666f6ed27447089b7fd722799846edb357c8061ccfe578cc5bc8f29d2,1,1,50,0.7778,2,3,0.4667,0.8333
infinite-v1-easy-0511,v5-easy,517601534,sha256:107c8c5a67cfad3c7b5fac8295a5733b13405c78523f37a45beb3375f9cc39fc,7,8,49,0.6667,2,3,0.2667,0.6667
infinite-v1-medium-0512,v5-medium,615601558,sha256:bea7554d4b34c6de9624a5d57e4d1621067d27f5fad989470e59cf70be8f96c1,4,30,25,0.8333,2,3,0.3056,0.5556
infinite-v1-hard-0513,v5-hard,1974601855,sha256:677afce5fdc55db3c26055ed567cce9ce89896c23331cabf718b582388ec931e,3,266,51,0.75,4,7,0.2,0.625
infinite-v1-easy-0514,v5-easy,520601543,sha256:0fb9c62acf7abfcd8971bd272791f5dbe6e07ea46a9a2effb17e8a60bd7cd9ab,8,5,12,0.9286,2,4,0.2222,0.6
infinite-v1-medium-0515,v5-medium,618601567,sha256:ff8f041ae0c42d9a797ab91809a207afaf44082c849747580f8a35c60a566be3,7,17,29,0.875,3,4,0.1209,0.5
infinite-v1-hard-0516,v5-medium,522601549,sha256:133f13902a552dcba94e22ab71f244f5ee564aaa3f800e03176a22b8808419a9,8,15,49,0.7778,2,3,0.2857,0.75
infinite-v1-easy-0517,v5-easy,620601573,sha256:c8861e3f341d854216f81f7dba6d5dfc6f878b9f1993374cd4a6661901d597ff,2,2,57,0.6667,2,3,0.2667,0.6667
infinite-v1-medium-0518,v5-medium,1882601849,sha256:fbd83fe90ba8f416d2a966babd1e990c39897b4fe8e375383af6243d17f73f7f,7,4,40,0.8333,3,3,0.4762,1.0
infinite-v1-hard-0519,v5-medium,525601558,sha256:c5c20e51b2a98ba2c5990ad828284c1261767541f5371415f3f758953e1fd5c1,2,2,42,0.8333,2,3,0.6,1.0
infinite-v1-easy-0520,v5-easy,817601624,sha256:61f26f116725b1f370103039dd5874ed1fe674ce85649717b0895467e7df7525,7,1,37,0.7778,2,3,0.3333,0.7143
infinite-v1-medium-0521,v5-medium,1400601753,sha256:f49288f883d60bc70e964509bb6f6714eb444b92394b67c33d5126f5cae1d307,4,3,41,0.8333,2,3,0.4286,0.8571
infinite-v1-hard-0522,v5-hard,1207601714,sha256:539d20ec60c072a03d9f140a21856037030fcf3d72b31f5c5f66254a63e70ef5,7,19,40,0.8519,2,6,0.6071,0.875
infinite-v1-easy-0523,v5-easy,529601570,sha256:98ebba61c2a655e0666cb52d5ab9da277fa02b511e9f44c8ba03b755eb6ebd1b,8,16,39,0.875,3,4,0.2727,0.6364
infinite-v1-medium-0524,v5-medium,530601573,sha256:96ccab0e16633305cad1bb031657a81ad0b77bdeea79566603605c432820f6a8,4,34,29,0.8667,2,4,0.1868,0.5
infinite-v1-hard-0525,v5-hard,1404601765,sha256:0f0a743548517147a8058ad3c488a4ed882129392ac88a6156e72ba45d113b66,6,100,36,0.8333,2,3,0.2444,0.6
infinite-v1-easy-0526,v5-easy,629601600,sha256:c90236847531d8a32fe8c11a64e6496f76b89303ce7435bba8213647919843eb,3,14,11,0.9348,2,4,0.3273,0.9091
infinite-v1-medium-0527,v5-medium,1309601750,sha256:2d800e71fa8c59194d91dd065ead7cbef45f0cd898f0cefdd694d2d2d6f9a518,5,19,39,0.8286,2,5,0.2179,0.5385
infinite-v1-hard-0528,v5-hard,1989601900,sha256:cc342360dcf213bb9aaeb90b6f00da612c5027130fb99d3ec98b503e1c2f7036,2,63,35,0.8333,2,3,0.2444,0.6
infinite-v1-easy-0529,v5-easy,1117601714,sha256:f6cbdb211655059d6a060a350c4250cfbf35ac5e12d177124dae9b35c27d4c63,7,4,41,0.8,2,4,0.5714,0.8571
infinite-v1-medium-0530,v5-medium,827601654,sha256:3aa6bd383184b00ef96d2c3872324b08e900343a34e27547d45d95d45c310823,1,6,33,0.9032,2,6,0.5714,0.875
infinite-v1-hard-0531,v5-hard,925601678,sha256:935390de808f5643698b2f86470b3abdd73b4a98ab6a22c3777043312e6e95d3,1,6,40,0.8333,2,3,0.2,0.6
infinite-v1-easy-0532,v5-easy,538601597,sha256:ace8fb2d3ae76798088b5e74a83fe3693aa6292cbc7b6a74faad05bed54e07c6,8,6,29,0.8333,2,3,0.1778,0.6
infinite-v1-medium-0533,v5-medium,636601621,sha256:0307a1f2df0ded4e23dd7da7e76bd63958c1c20be4363c1d2278216972ac80c0,4,28,61,0.75,4,4,0.4667,1.0
infinite-v1-hard-0534,v5-hard,1413601792,sha256:b80c00f682c9d7d72c55f0740a3b86eaf0f06ba580ae9d9f0d4149ff3df0b3c7,7,274,27,0.875,3,4,0.2179,0.6154
infinite-v1-easy-0535,v5-easy,1220601753,sha256:c4adfe923611f8bc6c9a675f7a40ec02bfc1147d17d887b6a9a6e842d1a3fb10,5,7,39,0.8182,3,4,0.4167,0.7778
infinite-v1-medium-0536,v5-medium,542601609,sha256:3a775d6b4bbd725bea4845018b08806a0c0eff4e4b7194c6a0eb8e5b8a0f8126,2,4,38,0.8,2,4,0.1273,0.5455
infinite-v1-hard-0537,v5-medium,737601654,sha256:2fe6f32b4f73c250d10e790eedec4ec88c85f43480f784eca678844f5bc36cbb,6,3,46,0.7778,2,3,0.3333,0.7143
infinite-v1-easy-0538,v5-easy,738601657,sha256:3ad561ab17082a8b1e457f788b5e6290f6e7cf0e0b6ace7bd5ec451061d82fb4,4,10,38,0.8333,2,3,0.2222,0.6
infinite-v1-medium-0539,v5-medium,1030601723,sha256:92029d8ebbc21ca3d59c9dad7b1b18c2db502a96cf4c08255a0fd0597497b5f5,5,23,50,0.8,3,3,0.1818,0.5833
infinite-v1-hard-0540,v5-hard,2486602041,sha256:63b36c824ff94d135265561d41e0702b991c62113e4e222ff5c156611c02f44b,8,91,46,0.8519,3,3,0.2545,0.7273
infinite-v1-easy-0541,v5-easy,935601708,sha256:7419b25e91eaa427fbc1c4bd84dc383bf386f46275a3e7f08b7fbd572c38ea44,7,3,13,0.9412,2,5,0.5238,0.8571
infinite-v1-medium-0542,v5-medium,645601648,sha256:cfe0f3b459f417da3e3f3aacb918054c0a9ffd3cf7c68aa8b94725e9c9c929a8,5,25,35,0.8333,2,3,0.197,0.5
infinite-v1-hard-0543,v5-hard,1713601882,sha256:3c69ed374c83d2d5994e01421319d42bb638c799bd34830702474b14dd2a6ad8,2,104,51,0.85,3,5,0.3333,0.8
infinite-v1-easy-0544,v5-easy,647601654,sha256:f03900fdf01c3869c6544e1d4249c2c7896bfb0ec96aaeb6f37b37acfcc19d27,7,6,39,0.8333,2,3,0.381,0.7143
infinite-v1-medium-0545,v5-medium,648601657,sha256:1167b4ceb90e5a98257abcb5e7ecb10407189748abd0ea3730b9aa732b28ce4c,1,6,21,0.9091,2,3,0.5357,0.75
infinite-v1-hard-0546,v5-hard,843601702,sha256:5cfe260420e3c3399a76befcf8704057a0418605ddffccaf0fc499a39475e170,1,8,37,0.8333,2,5,0.1667,0.5833
infinite-v1-easy-0547,v5-easy,747601684,sha256:db26554f1de83589dda422df4243e96a92383602ea9af98f80e8deff5770fcd7,5,5,48,0.7778,2,3,0.1944,0.6667
infinite-v1-medium-0548,v5-medium,651601666,sha256:f8e5b4847cdd48fd8aa2d0d6a2eed7e4a688fdae8f4ed05ac48877a42a62ccf5,5,16,41,0.8333,2,3,0.1515,0.5
infinite-v1-hard-0549,v5-hard,1913601942,sha256:1fbf11feaf44de931628c6141624ae07e0e7b698a101b0af81cb6725c739fa1c,4,34,32,0.8333,2,3,0.1667,0.6154
infinite-v1-easy-0550,v5-easy,1332601819,sha256:3c45d75d68950552788787a8074618afd2b6d33e2bc899aeeb44e220306403ba,3,14,39,0.8667,2,4,0.3556,0.8
infinite-v1-medium-0551,v5-medium,751601696,sha256:08e12f57e52f7529705de57432a299c8b7003cd797374b8e551f926998f25fd6,6,34,40,0.9,3,5,0.3818,0.8182
infinite-v1-hard-0552,v5-medium,752601699,sha256:50a87a4d2bf8afa57c0affc3496641bb8a3b9edcc2a2c95b57bb67d5711fcca0,4,39,21,0.8788,3,7,0.2821,0.6154
infinite-v1-easy-0553,v5-easy,1335601828,sha256:212f2472201da9f36b28ad5d108d3b95b99ca0a9f95f1f6841db8c4541d7febb,3,25,49,0.7778,3,5,0.1923,0.6154
infinite-v1-medium-0554,v5-medium,560601663,sha256:4c38d57190fdff8e9765b2a09c5a6a1760e11601cce9bb684d358d75c1e3a1a1,7,38,36,0.84,2,5,0.2051,0.5385
infinite-v1-hard-0555,v5-hard,1434601855,sha256:1b0df3a475eb6ddbe539966aa7583d4baeffac8ba0156ac25271d7952b9b6f5c,3,14,47,0.6667,3,5,0.3611,0.8889
infinite-v1-easy-0556,v5-easy,562601669,sha256:13a7b1c1f5d5cab212f639f86f818a55a1aded20e832b09a7fa7a9346f1e00ec,7,21,19,0.9091,2,4,0.3556,0.9
infinite-v1-medium-0557,v5-medium,1242601819,sha256:402581c311996e42f640d87402263803d8ed4a839b6b0504b6e79828383bad2a,4,34,23,0.9,4,4,0.3818,0.7273
infinite-v1-hard-0558,v5-hard,564601675,sha256:d43a83a427d7a3b4acb5fe196b1dc40036dc371780e576a96836afc8cff60664,4,210,34,0.875,3,4,0.2727,0.6364
infinite-v1-easy-0559,v5-easy,856601741,sha256:2fee1b1113263214901606a301ad68a7625eca368d1bef8dd55c914faae11e08,3,4,28,0.8333,2,5,0.5238,1.0
infinite-v1-medium-0560,v5-medium,760601723,sha256:bd9cdee244e222d9f113a0003ea2131785141389baa554375f4adcee581a6181,5,30,30,0.8857,2,5,0.3455,0.8182
infinite-v1-hard-0561,v5-medium,567601684,sha256:6a2690775f9d3c18ba1625594796d47dbb3004860016d63fca1bbba2e021ac27,2,4,39,0.7778,2,3,0.25,0.625
infinite-v1-easy-0562,v5-easy,859601750,sha256:899c9b17d23443c9aeb7428213867b8a1f64c15c2c193afd08dc774be264c617,3,1,38,0.7778,2,3,0.4667,0.8333
infinite-v1-medium-0563,v5-medium,666601711,sha256:5efefb9eb66ec9d9334cc52e5a21c60460da187997a23d578091bc844098760c,3,7,37,0.8333,2,3,0.3929,0.75
infinite-v1-hard-0564,v5-hard,764601735,sha256:e4f8300a19bc3643cf5ad85286b108041061c11b7232bc2b6f54e8ec7b591895,1,8,44,0.8636,3,6,0.4444,0.8889
infinite-v1-easy-0565,v5-easy,765601738,sha256:d5281ec75c704a8d8a1ef6b9c85446676b20d1412763a6d1aff530ea466e4061,8,17,29,0.8667,2,4,0.4722,0.7778
infinite-v1-medium-0566,v5-medium,1736601951,sha256:2116c6957185e43f273bcf4fe547d5b10b4df3613ada625d35c2c60f8864e312,3,17,32,0.8889,5,5,0.1868,0.6429
infinite-v1-hard-0567,v5-hard,1058601807,sha256:c6f41106c384689a279492f562454ce60cdb902a555a9aed2a7584ab43562906,6,110,36,0.8333,2,3,0.3056,0.6667
infinite-v1-easy-0568,v5-easy,671601726,sha256:a1b1f8f5d686fc59dac6ee4b5ee2587b8b79cc99303a6ece287cb11ab9f414bc,3,3,36,0.8667,4,5,0.5714,0.8571
infinite-v1-medium-0569,v5-medium,575601708,sha256:d482223850284f5badc278ca5b8fb07501971bdb988093521fe97f8cc9b4ba6c,7,26,38,0.8148,2,4,0.3929,0.875
infinite-v1-hard-0570,v5-hard,1934602005,sha256:44cd82edf76e3382fc21e92471972eca8939377bd1d6b465c1c53e8fe86fcff0,3,11,47,0.7143,3,6,0.6786,0.875
infinite-v1-easy-0571,v5-easy,1062601819,sha256:bcb0949d35766beedb048719e525d0fc8e491ecbb25c559dc126bd578a2a6ed6,6,13,30,0.8286,2,5,0.3091,0.7273
infinite-v1-medium-0572,v5-medium,869601780,sha256:6bcd65653e1943c094b96a83624c275f1e5a0ca7429f0a2d6a8f1707bd2175b5,4,50,51,0.6842,4,5,0.2308,0.6429
infinite-v1-hard-0573,v5-hard,967601804,sha256:017c560d378ab4c3346f7e6306dfed388a5d61f03517962057b603d53440c93e,1,7,45,0.6667,3,5,0.2182,0.7273
infinite-v1-easy-0574,v5-easy,1065601828,sha256:ef6d4b7d6b82d8925eda45aadbe3d33fba1f7636b90516c143974cd69a151b38,1,0,57,0.6667,2,3,0.2667,0.6667
infinite-v1-medium-0575,v5-medium,581601726,sha256:b2eeea064493f43c9e861c44ff758dd95cc1f259e87d701a12c82e0154e34e77,1,2,54,0.8,2,4,0.5714,1.0
infinite-v1-hard-0576,v5-medium,970601813,sha256:aae8da71b75d2a5cdbb00f13c93cabe04786b837bea294ce1052b6e88fe5219e,7,13,36,0.7778,2,3,0.3333,0.7143
infinite-v1-easy-0577,v5-easy,1165601858,sha256:cf4bff116f74bd57a34201cbcee43007a4ece0b265a7b95d66d591c6166e4101,6,8,4,0.9231,1,4,0.2,0.6364
infinite-v1-medium-0578,v5-medium,584601735,sha256:942d781a9c5fd72fd06f6265ba288dbf8cabd80e87bc06cf2d21eb4576f987f0,5,18,50,0.6667,3,5,0.2182,0.7273
infinite-v1-hard-0579,v5-hard,1167601864,sha256:507853ff380c781659f40d0f856031ecfb60c89eaba7e85486b6fbb8e28f2b9e,8,166,28,0.8333,2,3,0.3056,0.5556
infinite-v1-easy-0580,v5-easy,586601741,sha256:a9d783b211705f3b9947f65fdcc18c85cf0d26f676697e1ff07b72f8bdf61fd3,3,9,44,0.7143,2,4,0.1667,0.5833
infinite-v1-medium-0581,v5-medium,1266601891,sha256:b42d815707444cdff684e2f9a0efb74757f19cfb622bc4ab1706b0be94bfd5c1,6,6,29,0.8333,2,3,0.5238,0.8571
infinite-v1-hard-0582,v5-hard,1849602020,sha256:bfe88022d01c3dd1f78c0761e3a92b3b40697eea382be9cf354513ad82dcebb1,3,128,40,0.8545,2,4,0.3091,0.7273
infinite-v1-easy-0583,v5-easy,1559601960,sha256:7eb55a42d588c6834f2f7d59f6529b4c428a15de1ae69ea9c2a4918afc91670e,1,19,34,0.8246,2,4,0.2727,0.7273
infinite-v1-medium-0584,v5-medium,784601795,sha256:80f22fe50d6511c8ff80787a9f7f24cf4d4e5d031601981d8c36c34e949f7309,3,26,39,0.8462,2,4,0.1538,0.4615
infinite-v1-hard-0585,v5-medium,591601756,sha256:0188c23a6a12ce24b6ef4ecd4e2c760cec8e1e3b99ae8b5e4c376ca23631cc02,8,45,35,0.8485,2,6,0.1758,0.5714
infinite-v1-easy-0586,v5-easy,592601759,sha256:169b6556abcadfbc51b143a30640f4a63d02ad200ed1c04c790464d42e6b48d6,2,4,33,0.8333,2,3,0.3571,0.75
infinite-v1-medium-0587,v5-medium,981601846,sha256:0dc3b0eadfd92cbd596f679e1f7f31d77357853e956eef8df86248fe60a92018,2,3,40,0.8,2,4,0.3929,0.75
infinite-v1-hard-0588,v5-medium,885601828,sha256:fb09fafc523254ca7cbf56586c9e63ef2797737901b9c8912190ac547c9b3766,5,9,29,0.8333,2,3,0.1515,0.5
infinite-v1-easy-0589,v5-easy,692601789,sha256:646d337051ca78fa07fb75e4ad20826a7e42e686bb88f67ddcd88fb56c8b4f81,1,13,22,0.9091,2,4,0.2727,0.7273
infinite-v1-medium-0590,v5-medium,596601771,sha256:af86a21c9b1db4cdd142a609c80ee8cbbfc2f2045c45fd9d1bf50e26986a17eb,2,7,34,0.8462,2,4,0.5,0.875
infinite-v1-hard-0591,v5-hard,2149602110,sha256:f2dd45adfe5ab97153c23ef1985e5b9bc9aac90f84f1dfca4d5acb7b59cbf1d5,8,194,53,0.7561,3,4,0.4444,1.0
infinite-v1-easy-0592,v5-easy,986601861,sha256:c4759e074ca54aa878c93ba177b5cdb9eb27d200d409b4321565cc5c6cd172cd,1,2,37,0.8333,3,4,0.3929,0.875
infinite-v1-medium-0593,v5-medium,793601822,sha256:1b9904258744a951ba9993a02b3c24c4ffcf28cf7b0a8112341007dd3aa6b919,2,13,40,0.7778,2,3,0.4667,0.8333
infinite-v1-hard-0594,v5-hard,1376601951,sha256:111cdc4ce2b9eec34645d1c89ce917d1b27cdf9ce4ed33d551944bd355a43a4b,3,4,49,0.8333,3,3,0.4762,1.0
infinite-v1-easy-0595,v5-easy,601601786,sha256:794188f8c886a7ee7a4e9d7e3cdb34209b8124fe3fb2293ecead2766196c6223,6,10,32,0.8333,2,3,0.2,0.6
infinite-v1-medium-0596,v5-medium,699601810,sha256:186edcc00e67c44511c51454d30cec0a0e1608d066828122c5ecc9994e887267,7,8,34,0.8333,2,4,0.1944,0.5556
infinite-v1-hard-0597,v5-hard,2737602254,sha256:533318cc50561dce3ad7a27ac86fbd423d81a0ec6f3b269e9a0ab36f44434f86,4,232,27,0.8462,2,5,0.3778,0.8
infinite-v1-easy-0598,v5-easy,604601795,sha256:cbf716321501f2e3d12c39cd7bacd215ff9957e56b079785a0d002e61ed64e61,1,5,34,0.8333,2,4,0.1944,0.5556
infinite-v1-medium-0599,v5-medium,702601819,sha256:1dc29e18b9f74e68a661373bf290d8641827048f52269fc3b650fed2d621b3a1,2,19,30,0.9091,2,4,0.1795,0.5385
infinite-v1-hard-0600,v5-medium,1673602032,sha256:f70d8f3b81bbb3d503fa1a1347dd86c50bae375f461881df26a67ca67b0ce0c7,4,57,26,0.8636,2,5,0.2527,0.7143
infinite-v1-expert-0601,v5-d2.1-expert,607601804,sha256:aff685fa07641b7dd344123b2ae9f8bd5e0ca0284ae0908561cabd4a101e30e9,1,27064,62,0.5996,5,11,0.1355,0.5161
infinite-v1-expert-0602,v5-d2.1-expert,608601807,sha256:f7195e203357ef7b3b2dad1ee52f62482809426d8a0899888a0e2ae6c23c7554,1,29971,62,0.5996,5,11,0.1193,0.4848
infinite-v1-expert-0603,v5-d2.1-expert,609601810,sha256:cae67d1f6d7d28558779287cdb7a1ec01ad675dafc3de72e5b383199ff85fcef,1,25569,62,0.5996,5,11,0.1448,0.5333
infinite-v1-expert-0604,v5-d2.1-expert,610601813,sha256:6a633a7864584ec23b30571956c9d975800963a7a2185ea9bb80c0e4868c69ec,1,27285,62,0.5996,5,11,0.1355,0.5161
infinite-v1-expert-0605,v5-d2.1-expert,611601816,sha256:f0b1f5e63943fd80dca94172d9b57f1472ad7ea713cd839763c6a71fe82cb109,1,24754,62,0.5996,5,11,0.1448,0.5333
infinite-v1-expert-0606,v5-d2.1-expert,612601819,sha256:b9bdcbd8854ed6fba19a5bf44dbcd939c639df5a8ff9f1fda1fb957f4aa313c6,1,28163,62,0.5996,5,11,0.127,0.5
infinite-v1-expert-0607,v5-d2.1-expert,613601822,sha256:652ecfbb7ead2d3dc9f7eb3226e1aab601f5829375d8610e896cfb62cc0a7b3f,1,27951,62,0.5996,5,11,0.127,0.5
infinite-v1-expert-0608,v5-d2.1-expert,614601825,sha256:ffb44fa8093cbff82f18da04a3fed883f7af8a768dfe0d8792855eb7b322dc8f,1,25087,62,0.5996,5,11,0.1448,0.5333
infinite-v1-expert-0609,v5-d2.1-expert,615601828,sha256:c9e2aa6509a5b0124b7b951a6fa47be2a09fe805a2479af7b10258aaa6e200d3,1,24669,62,0.5996,5,11,0.1448,0.5333
infinite-v1-expert-0610,v5-d2.1-expert,616601831,sha256:68f044aa79cbccd985a5c79ce8f2c337b7924180febac898b453ca25d253d36f,1,28393,62,0.5996,5,11,0.127,0.5
infinite-v1-expert-0611,v5-d2.1-expert,617601834,sha256:17adfcd2844c88a4c78f5875f4ee80a62915c62a76eaf75ab4dec5890bcbe017,1,27128,62,0.5996,5,11,0.1355,0.5161
infinite-v1-expert-0612,v5-d2.1-expert,618601837,sha256:4602d438c3dbc873e4ce2c15330037648cd2f3d8246223ff2ec2bd669b0be375,1,28331,62,0.5996,5,11,0.127,0.5
infinite-v1-master-0613,v5-d2.1-master,619601840,sha256:a4179362ddc28d4141c6758696c4cce02204b19c72e81e678fb37cd5e62be47c,1,9364,68,0.5154,5,11,0.1453,0.5517
infinite-v1-master-0614,v5-d2.1-master,620601843,sha256:6990549aad2fea1079eed4c4dcdfad5257601326b4887d84b5d865377ea75c08,1,10997,68,0.5154,5,11,0.1269,0.5161
infinite-v1-master-0615,v5-d2.1-master,621601846,sha256:7a0486143f45f4b0f3594fd41fa5afbb9e7d4ca86c2d8339d2f7e019089ba181,1,10778,68,0.5154,5,11,0.1269,0.5161
infinite-v1-master-0616,v5-d2.1-master,622601849,sha256:1a27c0e869f50ad800c427ea7e5f4648a97e95655a8ed3fde9b3fe5295e7df47,1,11065,68,0.5154,5,11,0.1269,0.5161
infinite-v1-master-0617,v5-d2.1-master,623601852,sha256:05bf5c66474b851c300672b8b9286dc18e7603c8d7905860087a075036f64217,1,10793,68,0.5154,5,11,0.1269,0.5161
infinite-v1-master-0618,v5-d2.1-master,624601855,sha256:774558dbcf56217046687585387ef1c7b56865b04c6baf6fcb739e313761727b,1,12425,68,0.5154,5,11,0.1117,0.4848
infinite-v1-master-0619,v5-d2.1-master,625601858,sha256:53a76e784ff5460d2fff48a014fed35ce81d21ee69ebd123883888db60e4d0ad,1,9965,68,0.5154,5,11,0.1356,0.5333
infinite-v1-master-0620,v5-d2.1-master,626601861,sha256:7369d73bf403dae0ebd640678c688de3d320df7e1f9f9d6635c5632b80e4091f,1,10897,68,0.5154,5,11,0.1269,0.5161
infinite-v1-master-0621,v5-d2.1-master,627601864,sha256:3098badb69572973367d1def4cb5800848cbca9719d16466dd956cf13afbe187,1,9936,68,0.5154,5,11,0.1356,0.5333
infinite-v1-master-0622,v5-d2.1-master,628601867,sha256:b8096fbe6d1c8eae679d01ad7eec411e094ab04b2bce7f15119a651e7f8b5d45,1,11703,68,0.5154,5,11,0.119,0.5
infinite-v1-master-0623,v5-d2.1-master,629601870,sha256:e6842651147f0ac867f208710103077591ec3f07cbabe1a758db3f992a30ec60,1,11539,68,0.5154,5,11,0.119,0.5
infinite-v1-master-0624,v5-d2.1-master,630601873,sha256:c8731c4354cde204cf529ae62ad59606a2c18b893ac6f5c4c6bbf93fbf7be3fd,1,10212,68,0.5154,5,11,0.1356,0.5333
