levelId,levelNumber,title,boardSize,arrowCount,magnetCount,wallCount,plausibleChoiceCount,immediatelyInvalidChoiceCount,successfulChoiceCount,safeSuccessfulChoiceCount,meaningfulSuccessfulChoiceCount,harmfulDecisionCount,meaningfulFailureRate,harmfulDecisionDensity,mandatoryOrderingPairCount,mandatoryOrderingRatio,mandatoryOrderingChainDepth,polarityFlipCount,strategicallyImpactfulPolarityFlipCount,polarityImpactRatio,rawWinningSequenceCount,canonicalStrategyCount,permutationRedundancy,commutationRatio,greedySolved,greedyFailureDepth,randomPolicyCompletionRate,randomPolicyDeadlockRate,recoveryPressure,maxRecoveryDepth,deadEndDepth,longestForcedRun,meaningfulDecisionCount,decisionDensity,maxDecisionGap,relevantWallCount,irrelevantWallCount,relevantMagnetCount,irrelevantMagnetCount,v3Score,v4Score,v4Confidence,searchComplete,searchStateCount,searchTruncated,truncationReason,metricStatus
proto-001,1,Foundation 01,4x4,3,1,2,9,2,7,7,2,0,0.0,0.0,1,0.3333,2,4,0,0.0,3,1,0.6667,1.0,true,,1.0,0.0,0.0,0,0,1,1,0.3333,2,0,2,0,1,52,0,1.0,true,6,false,,stateGraph:COMPLETE|strategy:COMPLETE|ordering:COMPLETE|polarity:COMPLETE|objectRelevance:COMPLETE|humanPerceivedObviousness:NOT_MEASURABLE_WITH_CURRENT_IMPLEMENTATION|visualFairness:NOT_MEASURABLE_WITH_CURRENT_IMPLEMENTATION
proto-002,2,Foundation 02,4x4,1,1,2,1,0,1,1,0,0,0.0,0.0,0,0.0,0,0,0,0.0,1,1,0.0,0.0,true,,1.0,0.0,0.0,0,0,1,0,0.0,1,0,2,0,1,13,0,1.0,true,2,false,,stateGraph:COMPLETE|strategy:COMPLETE|ordering:COMPLETE|polarity:COMPLETE|objectRelevance:COMPLETE|humanPerceivedObviousness:NOT_MEASURABLE_WITH_CURRENT_IMPLEMENTATION|visualFairness:NOT_MEASURABLE_WITH_CURRENT_IMPLEMENTATION
proto-003,3,Foundation 03,3x3,1,1,1,1,0,1,1,0,0,0.0,0.0,0,0.0,0,0,0,0.0,1,1,0.0,0.0,true,,1.0,0.0,0.0,0,0,1,0,0.0,1,0,1,0,1,12,0,1.0,true,2,false,,stateGraph:COMPLETE|strategy:COMPLETE|ordering:COMPLETE|polarity:COMPLETE|objectRelevance:COMPLETE|humanPerceivedObviousness:NOT_MEASURABLE_WITH_CURRENT_IMPLEMENTATION|visualFairness:NOT_MEASURABLE_WITH_CURRENT_IMPLEMENTATION
proto-004,4,Foundation 04,4x4,3,1,2,12,0,12,12,0,0,0.0,0.0,0,0.0,0,8,0,0.0,6,1,0.8333,1.0,true,,1.0,0.0,0.0,0,0,1,0,0.0,3,0,2,0,1,61,0,1.0,true,8,false,,stateGraph:COMPLETE|strategy:COMPLETE|ordering:COMPLETE|polarity:COMPLETE|objectRelevance:COMPLETE|humanPerceivedObviousness:NOT_MEASURABLE_WITH_CURRENT_IMPLEMENTATION|visualFairness:NOT_MEASURABLE_WITH_CURRENT_IMPLEMENTATION
proto-005,5,Foundation 05,3x3,1,2,0,1,0,1,1,0,0,0.0,0.0,0,0.0,0,0,0,0.0,1,1,0.0,0.0,true,,1.0,0.0,0.0,0,0,1,0,0.0,1,0,0,0,2,10,0,1.0,true,2,false,,stateGraph:COMPLETE|strategy:COMPLETE|ordering:COMPLETE|polarity:COMPLETE|objectRelevance:COMPLETE|humanPerceivedObviousness:NOT_MEASURABLE_WITH_CURRENT_IMPLEMENTATION|visualFairness:NOT_MEASURABLE_WITH_CURRENT_IMPLEMENTATION
proto-006,6,Foundation 06,4x4,3,1,2,6,3,3,3,0,0,0.0,0.0,3,1.0,3,3,1,0.3333,1,1,0.0,0.0,true,,1.0,0.0,0.0,0,0,3,0,0.0,3,1,1,1,0,20,0,1.0,true,4,false,,stateGraph:COMPLETE|strategy:COMPLETE|ordering:COMPLETE|polarity:COMPLETE|objectRelevance:COMPLETE|humanPerceivedObviousness:NOT_MEASURABLE_WITH_CURRENT_IMPLEMENTATION|visualFairness:NOT_MEASURABLE_WITH_CURRENT_IMPLEMENTATION
proto-007,7,Foundation 07,4x4,2,1,2,4,0,4,4,0,0,0.0,0.0,0,0.0,0,4,0,0.0,2,1,0.5,1.0,true,,1.0,0.0,0.0,0,0,1,0,0.0,2,0,2,0,1,43,0,1.0,true,4,false,,stateGraph:COMPLETE|strategy:COMPLETE|ordering:COMPLETE|polarity:COMPLETE|objectRelevance:COMPLETE|humanPerceivedObviousness:NOT_MEASURABLE_WITH_CURRENT_IMPLEMENTATION|visualFairness:NOT_MEASURABLE_WITH_CURRENT_IMPLEMENTATION
proto-008,8,Foundation 08,4x4,3,1,2,12,0,12,12,0,0,0.0,0.0,0,0.0,0,8,0,0.0,6,1,0.8333,1.0,true,,1.0,0.0,0.0,0,0,1,0,0.0,3,0,2,1,0,57,0,1.0,true,8,false,,stateGraph:COMPLETE|strategy:COMPLETE|ordering:COMPLETE|polarity:COMPLETE|objectRelevance:COMPLETE|humanPerceivedObviousness:NOT_MEASURABLE_WITH_CURRENT_IMPLEMENTATION|visualFairness:NOT_MEASURABLE_WITH_CURRENT_IMPLEMENTATION
proto-009,9,Foundation 09,4x4,3,1,2,6,3,3,3,0,0,0.0,0.0,3,1.0,3,3,1,0.3333,1,1,0.0,0.0,true,,1.0,0.0,0.0,0,0,3,0,0.0,3,1,1,1,0,21,0,1.0,true,4,false,,stateGraph:COMPLETE|strategy:COMPLETE|ordering:COMPLETE|polarity:COMPLETE|objectRelevance:COMPLETE|humanPerceivedObviousness:NOT_MEASURABLE_WITH_CURRENT_IMPLEMENTATION|visualFairness:NOT_MEASURABLE_WITH_CURRENT_IMPLEMENTATION
proto-010,10,Foundation 10,4x4,2,0,2,3,1,2,2,0,0,0.0,0.0,1,1.0,2,0,0,0.0,1,1,0.0,0.0,true,,1.0,0.0,0.0,0,0,2,0,0.0,2,0,2,0,0,17,0,1.0,true,3,false,,stateGraph:COMPLETE|strategy:COMPLETE|ordering:COMPLETE|polarity:COMPLETE|objectRelevance:COMPLETE|humanPerceivedObviousness:NOT_MEASURABLE_WITH_CURRENT_IMPLEMENTATION|visualFairness:NOT_MEASURABLE_WITH_CURRENT_IMPLEMENTATION
proto-011,11,Foundation 11,4x4,2,2,2,3,1,2,2,0,0,0.0,0.0,1,1.0,2,0,0,0.0,1,1,0.0,0.0,true,,1.0,0.0,0.0,0,0,2,0,0.0,2,0,2,2,0,20,0,1.0,true,3,false,,stateGraph:COMPLETE|strategy:COMPLETE|ordering:COMPLETE|polarity:COMPLETE|objectRelevance:COMPLETE|humanPerceivedObviousness:NOT_MEASURABLE_WITH_CURRENT_IMPLEMENTATION|visualFairness:NOT_MEASURABLE_WITH_CURRENT_IMPLEMENTATION
proto-012,12,Foundation 12,4x4,3,0,0,9,2,7,7,2,0,0.0,0.0,1,0.3333,2,0,0,0.0,3,1,0.6667,1.0,true,,1.0,0.0,0.0,0,0,1,1,0.3333,2,0,0,0,0,50,0,1.0,true,6,false,,stateGraph:COMPLETE|strategy:COMPLETE|ordering:COMPLETE|polarity:COMPLETE|objectRelevance:COMPLETE|humanPerceivedObviousness:NOT_MEASURABLE_WITH_CURRENT_IMPLEMENTATION|visualFairness:NOT_MEASURABLE_WITH_CURRENT_IMPLEMENTATION
campaign-013,13,Magnetic Circuit 013,5x5,4,5,1,24,0,24,20,11,4,0.1667,1.0,1,0.1667,2,12,4,0.3333,12,1,0.9167,1.0,false,1,0.4844,0.5156,0.2778,3,3,1,2,0.5,2,0,1,2,3,80,41,1.0,true,16,false,,stateGraph:COMPLETE|strategy:COMPLETE|ordering:COMPLETE|polarity:COMPLETE|objectRelevance:COMPLETE|humanPerceivedObviousness:NOT_MEASURABLE_WITH_CURRENT_IMPLEMENTATION|visualFairness:NOT_MEASURABLE_WITH_CURRENT_IMPLEMENTATION
campaign-014,14,Magnetic Circuit 014,4x4,3,1,3,9,1,8,6,4,2,0.25,1.0,1,0.3333,2,7,4,0.5714,2,2,0.0,0.0,false,0,0.5273,0.4727,0.375,2,2,2,2,0.6667,1,1,2,1,0,67,63,1.0,true,9,false,,stateGraph:COMPLETE|strategy:COMPLETE|ordering:COMPLETE|polarity:COMPLETE|objectRelevance:COMPLETE|humanPerceivedObviousness:NOT_MEASURABLE_WITH_CURRENT_IMPLEMENTATION|visualFairness:NOT_MEASURABLE_WITH_CURRENT_IMPLEMENTATION
campaign-015,15,Magnetic Circuit 015,8x8,4,2,4,24,0,24,20,11,4,0.1667,1.0,1,0.1667,2,12,4,0.3333,12,1,0.9167,1.0,false,0,0.4609,0.5391,0.2778,3,3,1,2,0.5,2,1,3,1,1,78,41,1.0,true,16,false,,stateGraph:COMPLETE|strategy:COMPLETE|ordering:COMPLETE|polarity:COMPLETE|objectRelevance:COMPLETE|humanPerceivedObviousness:NOT_MEASURABLE_WITH_CURRENT_IMPLEMENTATION|visualFairness:NOT_MEASURABLE_WITH_CURRENT_IMPLEMENTATION
campaign-016,16,Magnetic Circuit 016,7x7,5,6,2,40,0,40,28,26,8,0.3,1.0,3,0.3,3,40,8,0.2,20,1,0.95,1.0,true,,0.1602,0.8398,0.5667,4,4,1,2,0.4,3,0,2,4,2,83,46,1.0,true,32,false,,stateGraph:COMPLETE|strategy:COMPLETE|ordering:COMPLETE|polarity:COMPLETE|objectRelevance:COMPLETE|humanPerceivedObviousness:NOT_MEASURABLE_WITH_CURRENT_IMPLEMENTATION|visualFairness:NOT_MEASURABLE_WITH_CURRENT_IMPLEMENTATION
campaign-017,17,Magnetic Circuit 017,6x6,5,2,4,45,10,35,29,22,6,0.1714,0.6667,1,0.1,2,26,16,0.6154,15,3,0.8,0.8571,false,0,0.5195,0.4805,0.2571,2,2,2,4,0.8,1,1,3,1,1,88,41,1.0,true,22,false,,stateGraph:COMPLETE|strategy:COMPLETE|ordering:COMPLETE|polarity:COMPLETE|objectRelevance:COMPLETE|humanPerceivedObviousness:NOT_MEASURABLE_WITH_CURRENT_IMPLEMENTATION|visualFairness:NOT_MEASURABLE_WITH_CURRENT_IMPLEMENTATION
campaign-018,18,Magnetic Circuit 018,5x5,6,2,1,84,10,74,58,45,16,0.2162,1.0,3,0.2,3,46,18,0.3913,48,2,0.9583,0.9429,true,,0.1758,0.8242,0.4144,5,5,1,3,0.5,3,1,0,2,0,89,47,1.0,true,48,false,,stateGraph:COMPLETE|strategy:COMPLETE|ordering:COMPLETE|polarity:COMPLETE|objectRelevance:COMPLETE|humanPerceivedObviousness:NOT_MEASURABLE_WITH_CURRENT_IMPLEMENTATION|visualFairness:NOT_MEASURABLE_WITH_CURRENT_IMPLEMENTATION
campaign-019,19,Magnetic Circuit 019,8x8,5,3,3,25,4,21,13,14,6,0.381,1.0,6,0.6,4,21,8,0.381,5,1,0.8,1.0,false,2,0.082,0.918,0.6667,3,3,3,4,0.8,1,1,2,2,1,86,62,1.0,true,20,false,,stateGraph:COMPLETE|strategy:COMPLETE|ordering:COMPLETE|polarity:COMPLETE|objectRelevance:COMPLETE|humanPerceivedObviousness:NOT_MEASURABLE_WITH_CURRENT_IMPLEMENTATION|visualFairness:NOT_MEASURABLE_WITH_CURRENT_IMPLEMENTATION
campaign-020,20,Magnetic Circuit 020,5x5,4,3,3,15,5,10,8,6,2,0.2,0.5,4,0.6667,3,10,5,0.5,3,1,0.6667,1.0,true,,0.4844,0.5156,0.3,2,2,3,3,0.75,1,2,1,2,1,72,39,1.0,true,9,false,,stateGraph:COMPLETE|strategy:COMPLETE|ordering:COMPLETE|polarity:COMPLETE|objectRelevance:COMPLETE|humanPerceivedObviousness:NOT_MEASURABLE_WITH_CURRENT_IMPLEMENTATION|visualFairness:NOT_MEASURABLE_WITH_CURRENT_IMPLEMENTATION
campaign-021,21,Magnetic Circuit 021,5x5,4,3,4,24,0,24,20,11,4,0.1667,1.0,1,0.1667,2,18,4,0.2222,12,1,0.9167,1.0,false,1,0.5312,0.4688,0.2778,3,3,2,3,0.75,1,1,3,2,1,76,37,1.0,true,16,false,,stateGraph:COMPLETE|strategy:COMPLETE|ordering:COMPLETE|polarity:COMPLETE|objectRelevance:COMPLETE|humanPerceivedObviousness:NOT_MEASURABLE_WITH_CURRENT_IMPLEMENTATION|visualFairness:NOT_MEASURABLE_WITH_CURRENT_IMPLEMENTATION
campaign-022,22,Magnetic Circuit 022,8x8,5,2,5,73,12,61,55,44,6,0.0984,0.375,0,0.0,0,45,22,0.4889,40,3,0.925,0.7143,true,,0.7695,0.2305,0.1585,3,3,2,3,0.6,2,2,3,1,1,76,9,1.0,true,36,false,,stateGraph:COMPLETE|strategy:COMPLETE|ordering:COMPLETE|polarity:COMPLETE|objectRelevance:COMPLETE|humanPerceivedObviousness:NOT_MEASURABLE_WITH_CURRENT_IMPLEMENTATION|visualFairness:NOT_MEASURABLE_WITH_CURRENT_IMPLEMENTATION
campaign-023,23,Magnetic Circuit 023,6x6,4,2,7,24,0,24,20,11,4,0.1667,1.0,1,0.1667,2,18,4,0.2222,12,1,0.9167,1.0,false,0,0.4609,0.5391,0.2778,3,3,1,2,0.5,2,1,6,1,1,81,39,1.0,true,16,false,,stateGraph:COMPLETE|strategy:COMPLETE|ordering:COMPLETE|polarity:COMPLETE|objectRelevance:COMPLETE|humanPerceivedObviousness:NOT_MEASURABLE_WITH_CURRENT_IMPLEMENTATION|visualFairness:NOT_MEASURABLE_WITH_CURRENT_IMPLEMENTATION
campaign-024,24,Magnetic Circuit 024,8x8,5,4,4,40,4,36,28,22,8,0.2222,1.0,3,0.3,3,36,4,0.1111,20,1,0.95,1.0,false,0,0.2656,0.7344,0.4074,4,4,1,2,0.4,3,1,3,3,1,80,49,1.0,true,24,false,,stateGraph:COMPLETE|strategy:COMPLETE|ordering:COMPLETE|polarity:COMPLETE|objectRelevance:COMPLETE|humanPerceivedObviousness:NOT_MEASURABLE_WITH_CURRENT_IMPLEMENTATION|visualFairness:NOT_MEASURABLE_WITH_CURRENT_IMPLEMENTATION
campaign-025,25,Magnetic Circuit 025,5x5,4,4,1,18,3,15,12,9,3,0.2,0.75,2,0.3333,2,15,3,0.2,6,1,0.8333,1.0,false,1,0.4844,0.5156,0.3333,3,3,2,3,0.75,1,0,1,3,1,76,45,1.0,true,12,false,,stateGraph:COMPLETE|strategy:COMPLETE|ordering:COMPLETE|polarity:COMPLETE|objectRelevance:COMPLETE|humanPerceivedObviousness:NOT_MEASURABLE_WITH_CURRENT_IMPLEMENTATION|visualFairness:NOT_MEASURABLE_WITH_CURRENT_IMPLEMENTATION
campaign-026,26,Magnetic Circuit 026,6x6,6,3,1,84,16,68,62,30,6,0.0882,0.5455,3,0.2,3,30,6,0.2,78,2,0.9744,0.9535,true,,0.5273,0.4727,0.1617,4,4,1,3,0.5,3,0,1,2,1,85,24,1.0,true,42,false,,stateGraph:COMPLETE|strategy:COMPLETE|ordering:COMPLETE|polarity:COMPLETE|objectRelevance:COMPLETE|humanPerceivedObviousness:NOT_MEASURABLE_WITH_CURRENT_IMPLEMENTATION|visualFairness:NOT_MEASURABLE_WITH_CURRENT_IMPLEMENTATION
campaign-027,27,Magnetic Circuit 027,8x8,6,3,2,42,18,24,17,15,6,0.2917,0.8571,8,0.5333,4,24,17,0.7083,7,2,0.7143,1.0,false,0,0.2852,0.7148,0.4862,3,3,4,3,0.5,3,1,1,2,1,80,61,1.0,true,24,false,,stateGraph:COMPLETE|strategy:COMPLETE|ordering:COMPLETE|polarity:COMPLETE|objectRelevance:COMPLETE|humanPerceivedObviousness:NOT_MEASURABLE_WITH_CURRENT_IMPLEMENTATION|visualFairness:NOT_MEASURABLE_WITH_CURRENT_IMPLEMENTATION
campaign-028,28,Magnetic Circuit 028,5x5,5,1,5,84,10,74,68,45,6,0.0811,0.3529,0,0.0,0,48,28,0.5833,50,4,0.92,0.8039,true,,0.7344,0.2656,0.1216,2,2,1,2,0.4,3,1,4,1,0,77,6,1.0,true,38,false,,stateGraph:COMPLETE|strategy:COMPLETE|ordering:COMPLETE|polarity:COMPLETE|objectRelevance:COMPLETE|humanPerceivedObviousness:NOT_MEASURABLE_WITH_CURRENT_IMPLEMENTATION|visualFairness:NOT_MEASURABLE_WITH_CURRENT_IMPLEMENTATION
campaign-029,29,Magnetic Circuit 029,5x5,6,3,1,68,14,54,44,29,6,0.1852,0.5455,3,0.2,3,36,14,0.3889,36,2,0.9444,1.0,false,0,0.2148,0.7852,0.3519,4,4,1,3,0.5,3,1,0,3,0,92,53,1.0,true,40,false,,stateGraph:COMPLETE|strategy:COMPLETE|ordering:COMPLETE|polarity:COMPLETE|objectRelevance:COMPLETE|humanPerceivedObviousness:NOT_MEASURABLE_WITH_CURRENT_IMPLEMENTATION|visualFairness:NOT_MEASURABLE_WITH_CURRENT_IMPLEMENTATION
campaign-030,30,Magnetic Circuit 030,4x4,4,2,1,19,2,17,15,4,2,0.1176,1.0,2,0.3333,2,17,2,0.1176,8,1,0.875,1.0,false,1,0.5156,0.4844,0.1764,2,2,1,2,0.5,2,0,1,1,1,70,35,1.0,true,12,false,,stateGraph:COMPLETE|strategy:COMPLETE|ordering:COMPLETE|polarity:COMPLETE|objectRelevance:COMPLETE|humanPerceivedObviousness:NOT_MEASURABLE_WITH_CURRENT_IMPLEMENTATION|visualFairness:NOT_MEASURABLE_WITH_CURRENT_IMPLEMENTATION
campaign-031,31,Magnetic Circuit 031,6x6,5,3,1,64,4,60,52,34,8,0.1333,0.7273,1,0.1,2,42,16,0.381,40,2,0.95,0.8857,false,1,0.4766,0.5234,0.2444,4,4,1,3,0.6,2,0,1,2,1,86,40,1.0,true,36,false,,stateGraph:COMPLETE|strategy:COMPLETE|ordering:COMPLETE|polarity:COMPLETE|objectRelevance:COMPLETE|humanPerceivedObviousness:NOT_MEASURABLE_WITH_CURRENT_IMPLEMENTATION|visualFairness:NOT_MEASURABLE_WITH_CURRENT_IMPLEMENTATION
campaign-032,32,Magnetic Circuit 032,7x7,5,3,2,25,4,21,13,14,6,0.381,1.0,6,0.6,4,21,8,0.381,5,1,0.8,1.0,true,,0.0781,0.9219,0.6667,3,3,1,3,0.6,2,0,2,2,1,89,56,1.0,true,20,false,,stateGraph:COMPLETE|strategy:COMPLETE|ordering:COMPLETE|polarity:COMPLETE|objectRelevance:COMPLETE|humanPerceivedObviousness:NOT_MEASURABLE_WITH_CURRENT_IMPLEMENTATION|visualFairness:NOT_MEASURABLE_WITH_CURRENT_IMPLEMENTATION
campaign-033,33,Magnetic Circuit 033,7x7,4,5,1,24,0,24,20,11,4,0.1667,1.0,1,0.1667,2,24,4,0.1667,12,1,0.9167,1.0,true,,0.4688,0.5312,0.2778,3,3,2,3,0.75,1,0,1,2,3,79,26,1.0,true,16,false,,stateGraph:COMPLETE|strategy:COMPLETE|ordering:COMPLETE|polarity:COMPLETE|objectRelevance:COMPLETE|humanPerceivedObviousness:NOT_MEASURABLE_WITH_CURRENT_IMPLEMENTATION|visualFairness:NOT_MEASURABLE_WITH_CURRENT_IMPLEMENTATION
campaign-034,34,Magnetic Circuit 034,6x6,3,1,4,9,0,9,7,4,2,0.2222,1.0,1,0.3333,2,6,2,0.3333,3,1,0.6667,1.0,true,,0.4727,0.5273,0.3333,2,2,1,1,0.3333,2,0,4,1,0,62,39,1.0,true,8,false,,stateGraph:COMPLETE|strategy:COMPLETE|ordering:COMPLETE|polarity:COMPLETE|objectRelevance:COMPLETE|humanPerceivedObviousness:NOT_MEASURABLE_WITH_CURRENT_IMPLEMENTATION|visualFairness:NOT_MEASURABLE_WITH_CURRENT_IMPLEMENTATION
campaign-035,35,Magnetic Circuit 035,8x8,5,4,2,40,0,40,28,26,8,0.3,1.0,3,0.3,3,24,8,0.3333,20,1,0.95,1.0,true,,0.1406,0.8594,0.5667,4,4,1,2,0.4,3,1,1,3,1,87,49,1.0,true,32,false,,stateGraph:COMPLETE|strategy:COMPLETE|ordering:COMPLETE|polarity:COMPLETE|objectRelevance:COMPLETE|humanPerceivedObviousness:NOT_MEASURABLE_WITH_CURRENT_IMPLEMENTATION|visualFairness:NOT_MEASURABLE_WITH_CURRENT_IMPLEMENTATION
campaign-036,36,Magnetic Circuit 036,4x4,3,2,2,9,0,9,7,4,2,0.2222,1.0,1,0.3333,2,6,2,0.3333,3,1,0.6667,1.0,true,,0.4844,0.5156,0.3333,2,2,2,2,0.6667,1,1,1,1,1,64,38,1.0,true,8,false,,stateGraph:COMPLETE|strategy:COMPLETE|ordering:COMPLETE|polarity:COMPLETE|objectRelevance:COMPLETE|humanPerceivedObviousness:NOT_MEASURABLE_WITH_CURRENT_IMPLEMENTATION|visualFairness:NOT_MEASURABLE_WITH_CURRENT_IMPLEMENTATION
campaign-037,37,Magnetic Circuit 037,5x5,5,5,1,39,8,31,25,22,6,0.1935,0.75,3,0.3,2,31,14,0.4516,20,1,0.95,1.0,false,1,0.4844,0.5156,0.3548,4,4,2,4,0.8,1,1,0,4,1,86,51,1.0,true,21,false,,stateGraph:COMPLETE|strategy:COMPLETE|ordering:COMPLETE|polarity:COMPLETE|objectRelevance:COMPLETE|humanPerceivedObviousness:NOT_MEASURABLE_WITH_CURRENT_IMPLEMENTATION|visualFairness:NOT_MEASURABLE_WITH_CURRENT_IMPLEMENTATION
campaign-038,38,Magnetic Circuit 038,5x5,5,2,3,76,8,68,64,41,4,0.0588,0.2857,0,0.0,0,28,16,0.5714,60,2,0.9667,0.8462,true,,0.8477,0.1523,0.098,3,3,1,2,0.4,3,1,2,1,1,79,2,1.0,true,36,false,,stateGraph:COMPLETE|strategy:COMPLETE|ordering:COMPLETE|polarity:COMPLETE|objectRelevance:COMPLETE|humanPerceivedObviousness:NOT_MEASURABLE_WITH_CURRENT_IMPLEMENTATION|visualFairness:NOT_MEASURABLE_WITH_CURRENT_IMPLEMENTATION
campaign-039,39,Magnetic Circuit 039,8x8,4,2,7,24,0,24,20,11,4,0.1667,1.0,1,0.1667,2,18,4,0.2222,12,1,0.9167,1.0,true,,0.4688,0.5312,0.2778,3,3,2,3,0.75,1,1,6,1,1,78,26,1.0,true,16,false,,stateGraph:COMPLETE|strategy:COMPLETE|ordering:COMPLETE|polarity:COMPLETE|objectRelevance:COMPLETE|humanPerceivedObviousness:NOT_MEASURABLE_WITH_CURRENT_IMPLEMENTATION|visualFairness:NOT_MEASURABLE_WITH_CURRENT_IMPLEMENTATION
campaign-040,40,Magnetic Circuit 040,7x7,6,6,2,61,8,53,37,41,12,0.3019,0.8571,6,0.4,4,45,16,0.3556,30,2,0.9333,0.9048,false,0,0.082,0.918,0.5786,4,4,1,4,0.6667,2,1,1,3,3,90,64,1.0,true,50,false,,stateGraph:COMPLETE|strategy:COMPLETE|ordering:COMPLETE|polarity:COMPLETE|objectRelevance:COMPLETE|humanPerceivedObviousness:NOT_MEASURABLE_WITH_CURRENT_IMPLEMENTATION|visualFairness:NOT_MEASURABLE_WITH_CURRENT_IMPLEMENTATION
campaign-041,41,Magnetic Circuit 041,5x5,5,5,1,22,10,12,9,7,3,0.25,1.0,8,0.8,4,12,5,0.4167,3,1,0.6667,1.0,false,0,0.543,0.457,0.5,4,4,3,3,0.6,2,1,0,3,2,82,61,1.0,true,14,false,,stateGraph:COMPLETE|strategy:COMPLETE|ordering:COMPLETE|polarity:COMPLETE|objectRelevance:COMPLETE|humanPerceivedObviousness:NOT_MEASURABLE_WITH_CURRENT_IMPLEMENTATION|visualFairness:NOT_MEASURABLE_WITH_CURRENT_IMPLEMENTATION
campaign-042,42,Magnetic Circuit 042,5x5,5,2,2,45,6,39,33,25,6,0.1538,0.6667,2,0.2,2,30,12,0.4,30,1,0.9667,1.0,true,,0.5039,0.4961,0.282,4,4,2,3,0.6,2,0,2,2,0,74,32,1.0,true,24,false,,stateGraph:COMPLETE|strategy:COMPLETE|ordering:COMPLETE|polarity:COMPLETE|objectRelevance:COMPLETE|humanPerceivedObviousness:NOT_MEASURABLE_WITH_CURRENT_IMPLEMENTATION|visualFairness:NOT_MEASURABLE_WITH_CURRENT_IMPLEMENTATION
campaign-043,43,Magnetic Circuit 043,8x8,5,3,2,40,4,36,28,22,8,0.2222,1.0,3,0.3,3,16,8,0.5,20,1,0.95,1.0,false,0,0.2656,0.7344,0.4074,4,4,1,2,0.4,3,1,1,2,1,84,57,1.0,true,24,false,,stateGraph:COMPLETE|strategy:COMPLETE|ordering:COMPLETE|polarity:COMPLETE|objectRelevance:COMPLETE|humanPerceivedObviousness:NOT_MEASURABLE_WITH_CURRENT_IMPLEMENTATION|visualFairness:NOT_MEASURABLE_WITH_CURRENT_IMPLEMENTATION
campaign-044,44,Magnetic Circuit 044,8x8,5,3,2,45,6,39,33,25,6,0.1538,0.6667,2,0.2,2,24,6,0.25,30,1,0.9667,1.0,true,,0.5195,0.4805,0.282,4,4,1,2,0.4,3,1,1,2,1,83,31,1.0,true,24,false,,stateGraph:COMPLETE|strategy:COMPLETE|ordering:COMPLETE|polarity:COMPLETE|objectRelevance:COMPLETE|humanPerceivedObviousness:NOT_MEASURABLE_WITH_CURRENT_IMPLEMENTATION|visualFairness:NOT_MEASURABLE_WITH_CURRENT_IMPLEMENTATION
campaign-045,45,Magnetic Circuit 045,6x6,5,2,1,40,8,32,28,18,4,0.125,0.5714,3,0.3,3,24,12,0.5,20,1,0.95,1.0,false,1,0.5312,0.4688,0.2083,3,3,3,3,0.6,2,1,0,2,0,80,42,1.0,true,20,false,,stateGraph:COMPLETE|strategy:COMPLETE|ordering:COMPLETE|polarity:COMPLETE|objectRelevance:COMPLETE|humanPerceivedObviousness:NOT_MEASURABLE_WITH_CURRENT_IMPLEMENTATION|visualFairness:NOT_MEASURABLE_WITH_CURRENT_IMPLEMENTATION
campaign-046,46,Magnetic Circuit 046,8x8,5,3,4,84,10,74,68,45,6,0.0811,0.3529,0,0.0,0,66,28,0.4242,50,4,0.92,0.8039,true,,0.7656,0.2344,0.1216,2,2,2,4,0.8,1,1,3,1,2,86,3,1.0,true,38,false,,stateGraph:COMPLETE|strategy:COMPLETE|ordering:COMPLETE|polarity:COMPLETE|objectRelevance:COMPLETE|humanPerceivedObviousness:NOT_MEASURABLE_WITH_CURRENT_IMPLEMENTATION|visualFairness:NOT_MEASURABLE_WITH_CURRENT_IMPLEMENTATION
campaign-047,47,Magnetic Circuit 047,5x5,3,3,5,9,0,9,7,4,2,0.2222,1.0,1,0.3333,2,7,2,0.2857,3,1,0.6667,1.0,false,1,0.5156,0.4844,0.3333,2,2,2,2,0.6667,1,1,4,1,2,63,46,1.0,true,8,false,,stateGraph:COMPLETE|strategy:COMPLETE|ordering:COMPLETE|polarity:COMPLETE|objectRelevance:COMPLETE|humanPerceivedObviousness:NOT_MEASURABLE_WITH_CURRENT_IMPLEMENTATION|visualFairness:NOT_MEASURABLE_WITH_CURRENT_IMPLEMENTATION
campaign-048,48,Magnetic Circuit 048,7x7,5,3,4,36,5,31,25,17,3,0.1935,0.5,3,0.3,2,21,3,0.1429,20,1,0.95,1.0,true,,0.3594,0.6406,0.387,4,4,2,3,0.6,2,1,3,1,2,81,32,1.0,true,24,false,,stateGraph:COMPLETE|strategy:COMPLETE|ordering:COMPLETE|polarity:COMPLETE|objectRelevance:COMPLETE|humanPerceivedObviousness:NOT_MEASURABLE_WITH_CURRENT_IMPLEMENTATION|visualFairness:NOT_MEASURABLE_WITH_CURRENT_IMPLEMENTATION
campaign-049,49,Magnetic Circuit 049,6x6,5,2,1,46,12,34,29,21,5,0.1471,0.5556,3,0.3,3,25,2,0.08,17,2,0.8824,0.7692,true,,0.4688,0.5312,0.2354,3,3,3,3,0.6,2,0,1,2,0,82,25,1.0,true,25,false,,stateGraph:COMPLETE|strategy:COMPLETE|ordering:COMPLETE|polarity:COMPLETE|objectRelevance:COMPLETE|humanPerceivedObviousness:NOT_MEASURABLE_WITH_CURRENT_IMPLEMENTATION|visualFairness:NOT_MEASURABLE_WITH_CURRENT_IMPLEMENTATION
campaign-050,50,Magnetic Circuit 050,6x6,3,4,1,9,0,9,7,4,2,0.2222,1.0,1,0.3333,2,9,2,0.2222,3,1,0.6667,1.0,true,,0.4727,0.5273,0.3333,2,2,1,1,0.3333,2,0,1,2,2,69,38,1.0,true,8,false,,stateGraph:COMPLETE|strategy:COMPLETE|ordering:COMPLETE|polarity:COMPLETE|objectRelevance:COMPLETE|humanPerceivedObviousness:NOT_MEASURABLE_WITH_CURRENT_IMPLEMENTATION|visualFairness:NOT_MEASURABLE_WITH_CURRENT_IMPLEMENTATION
campaign-051,51,Magnetic Circuit 051,8x8,5,4,2,40,4,36,28,22,8,0.2222,1.0,3,0.3,3,24,8,0.3333,20,1,0.95,1.0,false,0,0.25,0.75,0.4074,4,4,1,2,0.4,3,1,1,3,1,87,55,1.0,true,24,false,,stateGraph:COMPLETE|strategy:COMPLETE|ordering:COMPLETE|polarity:COMPLETE|objectRelevance:COMPLETE|humanPerceivedObviousness:NOT_MEASURABLE_WITH_CURRENT_IMPLEMENTATION|visualFairness:NOT_MEASURABLE_WITH_CURRENT_IMPLEMENTATION
campaign-052,52,Magnetic Circuit 052,4x4,3,1,2,9,0,9,7,4,2,0.2222,1.0,1,0.3333,2,6,2,0.3333,3,1,0.6667,1.0,true,,0.5039,0.4961,0.3333,2,2,1,1,0.3333,2,1,1,1,0,64,41,1.0,true,8,false,,stateGraph:COMPLETE|strategy:COMPLETE|ordering:COMPLETE|polarity:COMPLETE|objectRelevance:COMPLETE|humanPerceivedObviousness:NOT_MEASURABLE_WITH_CURRENT_IMPLEMENTATION|visualFairness:NOT_MEASURABLE_WITH_CURRENT_IMPLEMENTATION
campaign-053,53,Magnetic Circuit 053,5x5,4,4,3,16,3,13,10,7,3,0.2308,1.0,3,0.5,2,13,6,0.4615,5,1,0.8,1.0,false,0,0.5195,0.4805,0.3334,2,2,1,2,0.5,2,2,1,3,1,81,55,1.0,true,11,false,,stateGraph:COMPLETE|strategy:COMPLETE|ordering:COMPLETE|polarity:COMPLETE|objectRelevance:COMPLETE|humanPerceivedObviousness:NOT_MEASURABLE_WITH_CURRENT_IMPLEMENTATION|visualFairness:NOT_MEASURABLE_WITH_CURRENT_IMPLEMENTATION
campaign-054,54,Magnetic Circuit 054,8x8,5,2,5,69,0,69,59,39,10,0.1449,0.7143,1,0.1,2,48,10,0.2083,60,2,0.9667,0.8636,false,2,0.4961,0.5039,0.256,4,4,2,4,0.8,1,1,4,1,1,82,34,1.0,true,40,false,,stateGraph:COMPLETE|strategy:COMPLETE|ordering:COMPLETE|polarity:COMPLETE|objectRelevance:COMPLETE|humanPerceivedObviousness:NOT_MEASURABLE_WITH_CURRENT_IMPLEMENTATION|visualFairness:NOT_MEASURABLE_WITH_CURRENT_IMPLEMENTATION
campaign-055,55,Magnetic Circuit 055,6x6,6,2,1,92,24,68,56,48,11,0.1765,0.6111,3,0.2,3,60,40,0.6667,60,2,0.9667,0.7778,true,,0.457,0.543,0.2991,3,3,2,3,0.5,2,1,0,2,0,85,39,1.0,true,45,false,,stateGraph:COMPLETE|strategy:COMPLETE|ordering:COMPLETE|polarity:COMPLETE|objectRelevance:COMPLETE|humanPerceivedObviousness:NOT_MEASURABLE_WITH_CURRENT_IMPLEMENTATION|visualFairness:NOT_MEASURABLE_WITH_CURRENT_IMPLEMENTATION
campaign-056,56,Magnetic Circuit 056,8x8,5,5,2,46,5,41,31,28,10,0.2439,0.8333,3,0.3,3,27,10,0.3704,20,2,0.9,0.75,false,0,0.2617,0.7383,0.4309,4,4,3,4,0.8,1,1,1,2,3,84,52,1.0,true,30,false,,stateGraph:COMPLETE|strategy:COMPLETE|ordering:COMPLETE|polarity:COMPLETE|objectRelevance:COMPLETE|humanPerceivedObviousness:NOT_MEASURABLE_WITH_CURRENT_IMPLEMENTATION|visualFairness:NOT_MEASURABLE_WITH_CURRENT_IMPLEMENTATION
campaign-057,57,Magnetic Circuit 057,6x6,5,2,1,64,2,62,54,32,8,0.129,0.6667,1,0.1,2,36,10,0.2778,55,3,0.9455,0.8,true,,0.4609,0.5391,0.215,3,3,1,3,0.6,2,1,0,2,0,75,29,1.0,true,36,false,,stateGraph:COMPLETE|strategy:COMPLETE|ordering:COMPLETE|polarity:COMPLETE|objectRelevance:COMPLETE|humanPerceivedObviousness:NOT_MEASURABLE_WITH_CURRENT_IMPLEMENTATION|visualFairness:NOT_MEASURABLE_WITH_CURRENT_IMPLEMENTATION
campaign-058,58,Magnetic Circuit 058,5x5,4,3,1,24,0,24,20,11,4,0.1667,1.0,1,0.1667,2,24,4,0.1667,12,1,0.9167,1.0,true,,0.5391,0.4609,0.2778,3,3,1,1,0.25,3,0,1,2,1,79,26,1.0,true,16,false,,stateGraph:COMPLETE|strategy:COMPLETE|ordering:COMPLETE|polarity:COMPLETE|objectRelevance:COMPLETE|humanPerceivedObviousness:NOT_MEASURABLE_WITH_CURRENT_IMPLEMENTATION|visualFairness:NOT_MEASURABLE_WITH_CURRENT_IMPLEMENTATION
campaign-059,59,Magnetic Circuit 059,8x8,5,4,3,39,1,38,27,26,8,0.2895,0.8,3,0.3,3,34,9,0.2647,16,2,0.875,0.7692,true,,0.1719,0.8281,0.5264,4,4,1,4,0.8,1,1,2,2,2,88,48,1.0,true,32,false,,stateGraph:COMPLETE|strategy:COMPLETE|ordering:COMPLETE|polarity:COMPLETE|objectRelevance:COMPLETE|humanPerceivedObviousness:NOT_MEASURABLE_WITH_CURRENT_IMPLEMENTATION|visualFairness:NOT_MEASURABLE_WITH_CURRENT_IMPLEMENTATION
campaign-060,60,Magnetic Circuit 060,5x5,4,2,2,24,0,24,20,11,4,0.1667,1.0,1,0.1667,2,18,4,0.2222,12,1,0.9167,1.0,false,0,0.5156,0.4844,0.2778,3,3,1,1,0.25,3,1,1,1,1,77,38,1.0,true,16,false,,stateGraph:COMPLETE|strategy:COMPLETE|ordering:COMPLETE|polarity:COMPLETE|objectRelevance:COMPLETE|humanPerceivedObviousness:NOT_MEASURABLE_WITH_CURRENT_IMPLEMENTATION|visualFairness:NOT_MEASURABLE_WITH_CURRENT_IMPLEMENTATION
campaign-061,61,Magnetic Circuit 061,5x5,4,4,1,24,0,24,20,11,4,0.1667,1.0,1,0.1667,2,24,4,0.1667,12,1,0.9167,1.0,false,2,0.5312,0.4688,0.2778,3,3,2,3,0.75,1,0,1,2,2,79,36,1.0,true,16,false,,stateGraph:COMPLETE|strategy:COMPLETE|ordering:COMPLETE|polarity:COMPLETE|objectRelevance:COMPLETE|humanPerceivedObviousness:NOT_MEASURABLE_WITH_CURRENT_IMPLEMENTATION|visualFairness:NOT_MEASURABLE_WITH_CURRENT_IMPLEMENTATION
campaign-062,62,Magnetic Circuit 062,5x5,5,3,0,48,4,44,40,11,4,0.0909,1.0,2,0.2,2,44,4,0.0909,40,1,0.975,1.0,false,1,0.4844,0.5156,0.1515,3,3,1,2,0.4,3,0,0,2,1,87,31,1.0,true,24,false,,stateGraph:COMPLETE|strategy:COMPLETE|ordering:COMPLETE|polarity:COMPLETE|objectRelevance:COMPLETE|humanPerceivedObviousness:NOT_MEASURABLE_WITH_CURRENT_IMPLEMENTATION|visualFairness:NOT_MEASURABLE_WITH_CURRENT_IMPLEMENTATION
campaign-063,63,Magnetic Circuit 063,5x5,3,4,1,9,0,9,7,4,2,0.2222,1.0,1,0.3333,2,6,2,0.3333,3,1,0.6667,1.0,false,0,0.4961,0.5039,0.3333,2,2,1,1,0.3333,2,1,0,1,3,70,50,1.0,true,8,false,,stateGraph:COMPLETE|strategy:COMPLETE|ordering:COMPLETE|polarity:COMPLETE|objectRelevance:COMPLETE|humanPerceivedObviousness:NOT_MEASURABLE_WITH_CURRENT_IMPLEMENTATION|visualFairness:NOT_MEASURABLE_WITH_CURRENT_IMPLEMENTATION
campaign-064,64,Magnetic Circuit 064,7x7,5,2,3,40,4,36,28,22,8,0.2222,1.0,3,0.3,3,12,8,0.6667,20,1,0.95,1.0,false,0,0.2656,0.7344,0.4074,4,4,1,2,0.4,3,1,2,1,1,77,56,1.0,true,24,false,,stateGraph:COMPLETE|strategy:COMPLETE|ordering:COMPLETE|polarity:COMPLETE|objectRelevance:COMPLETE|humanPerceivedObviousness:NOT_MEASURABLE_WITH_CURRENT_IMPLEMENTATION|visualFairness:NOT_MEASURABLE_WITH_CURRENT_IMPLEMENTATION
campaign-065,65,Magnetic Circuit 065,6x6,4,4,1,24,0,24,20,11,4,0.1667,1.0,1,0.1667,2,24,4,0.1667,12,1,0.9167,1.0,false,0,0.5156,0.4844,0.2778,3,3,1,1,0.25,3,0,1,2,2,68,36,1.0,true,16,false,,stateGraph:COMPLETE|strategy:COMPLETE|ordering:COMPLETE|polarity:COMPLETE|objectRelevance:COMPLETE|humanPerceivedObviousness:NOT_MEASURABLE_WITH_CURRENT_IMPLEMENTATION|visualFairness:NOT_MEASURABLE_WITH_CURRENT_IMPLEMENTATION
campaign-066,66,Magnetic Circuit 066,5x5,6,1,2,39,21,18,16,8,2,0.1111,0.4,8,0.5333,3,14,10,0.7143,6,2,0.6667,0.75,true,,0.7773,0.2227,0.1481,1,1,3,2,0.3333,3,1,1,1,0,46,24,1.0,true,15,false,,stateGraph:COMPLETE|strategy:COMPLETE|ordering:COMPLETE|polarity:COMPLETE|objectRelevance:COMPLETE|humanPerceivedObviousness:NOT_MEASURABLE_WITH_CURRENT_IMPLEMENTATION|visualFairness:NOT_MEASURABLE_WITH_CURRENT_IMPLEMENTATION
campaign-067,67,Magnetic Circuit 067,8x8,5,2,2,40,4,36,28,22,8,0.2222,1.0,3,0.3,3,12,8,0.6667,20,1,0.95,1.0,false,0,0.2656,0.7344,0.4074,4,4,1,2,0.4,3,1,1,1,1,77,56,1.0,true,24,false,,stateGraph:COMPLETE|strategy:COMPLETE|ordering:COMPLETE|polarity:COMPLETE|objectRelevance:COMPLETE|humanPerceivedObviousness:NOT_MEASURABLE_WITH_CURRENT_IMPLEMENTATION|visualFairness:NOT_MEASURABLE_WITH_CURRENT_IMPLEMENTATION
campaign-068,68,Magnetic Circuit 068,8x8,3,3,3,9,0,9,7,4,2,0.2222,1.0,1,0.3333,2,6,2,0.3333,3,1,0.6667,1.0,true,,0.5039,0.4961,0.3333,2,2,1,1,0.3333,2,1,2,1,2,69,39,1.0,true,8,false,,stateGraph:COMPLETE|strategy:COMPLETE|ordering:COMPLETE|polarity:COMPLETE|objectRelevance:COMPLETE|humanPerceivedObviousness:NOT_MEASURABLE_WITH_CURRENT_IMPLEMENTATION|visualFairness:NOT_MEASURABLE_WITH_CURRENT_IMPLEMENTATION
campaign-069,69,Magnetic Circuit 069,5x5,6,5,1,75,25,50,45,32,5,0.1,0.4167,3,0.2,3,35,18,0.5143,44,3,0.9318,0.7826,true,,0.625,0.375,0.2,5,5,3,2,0.3333,3,0,1,4,1,76,24,1.0,true,32,false,,stateGraph:COMPLETE|strategy:COMPLETE|ordering:COMPLETE|polarity:COMPLETE|objectRelevance:COMPLETE|humanPerceivedObviousness:NOT_MEASURABLE_WITH_CURRENT_IMPLEMENTATION|visualFairness:NOT_MEASURABLE_WITH_CURRENT_IMPLEMENTATION
campaign-070,70,Magnetic Circuit 070,5x5,5,1,4,54,10,44,40,27,4,0.0909,0.3636,0,0.0,0,26,16,0.6154,25,3,0.88,0.8333,true,,0.6719,0.3281,0.1364,2,2,2,3,0.6,2,2,2,1,0,73,9,1.0,true,26,false,,stateGraph:COMPLETE|strategy:COMPLETE|ordering:COMPLETE|polarity:COMPLETE|objectRelevance:COMPLETE|humanPerceivedObviousness:NOT_MEASURABLE_WITH_CURRENT_IMPLEMENTATION|visualFairness:NOT_MEASURABLE_WITH_CURRENT_IMPLEMENTATION
campaign-071,71,Magnetic Circuit 071,6x6,5,2,2,46,10,36,31,23,5,0.1389,0.5,3,0.3,3,32,15,0.4688,20,2,0.9,0.75,true,,0.5156,0.4844,0.2222,3,3,1,3,0.6,2,1,1,1,1,86,33,1.0,true,25,false,,stateGraph:COMPLETE|strategy:COMPLETE|ordering:COMPLETE|polarity:COMPLETE|objectRelevance:COMPLETE|humanPerceivedObviousness:NOT_MEASURABLE_WITH_CURRENT_IMPLEMENTATION|visualFairness:NOT_MEASURABLE_WITH_CURRENT_IMPLEMENTATION
campaign-072,72,Magnetic Circuit 072,7x7,6,4,3,39,8,31,21,16,6,0.3226,1.0,9,0.6,4,25,8,0.32,12,1,0.9167,1.0,false,0,0.0547,0.9453,0.699,5,5,1,3,0.5,3,1,2,3,1,89,65,1.0,true,36,false,,stateGraph:COMPLETE|strategy:COMPLETE|ordering:COMPLETE|polarity:COMPLETE|objectRelevance:COMPLETE|humanPerceivedObviousness:NOT_MEASURABLE_WITH_CURRENT_IMPLEMENTATION|visualFairness:NOT_MEASURABLE_WITH_CURRENT_IMPLEMENTATION
campaign-073,73,Magnetic Circuit 073,6x6,6,4,1,43,18,25,20,17,5,0.2,0.625,8,0.5333,3,22,7,0.3182,16,1,0.9375,1.0,true,,0.3867,0.6133,0.4133,4,4,1,3,0.5,3,1,0,3,1,83,47,1.0,true,28,false,,stateGraph:COMPLETE|strategy:COMPLETE|ordering:COMPLETE|polarity:COMPLETE|objectRelevance:COMPLETE|humanPerceivedObviousness:NOT_MEASURABLE_WITH_CURRENT_IMPLEMENTATION|visualFairness:NOT_MEASURABLE_WITH_CURRENT_IMPLEMENTATION
campaign-074,74,Magnetic Circuit 074,5x5,5,3,4,69,3,66,56,39,10,0.1515,0.7692,1,0.1,2,60,13,0.2167,50,2,0.96,0.8462,true,,0.5039,0.4961,0.2676,4,4,2,3,0.6,2,0,4,2,1,79,25,1.0,true,40,false,,stateGraph:COMPLETE|strategy:COMPLETE|ordering:COMPLETE|polarity:COMPLETE|objectRelevance:COMPLETE|humanPerceivedObviousness:NOT_MEASURABLE_WITH_CURRENT_IMPLEMENTATION|visualFairness:NOT_MEASURABLE_WITH_CURRENT_IMPLEMENTATION
campaign-075,75,Magnetic Circuit 075,8x8,5,4,2,37,10,27,23,20,4,0.1481,0.4444,4,0.4,3,20,10,0.5,15,1,0.9333,1.0,false,1,0.5195,0.4805,0.2468,3,3,3,4,0.8,1,1,1,2,2,81,41,1.0,true,18,false,,stateGraph:COMPLETE|strategy:COMPLETE|ordering:COMPLETE|polarity:COMPLETE|objectRelevance:COMPLETE|humanPerceivedObviousness:NOT_MEASURABLE_WITH_CURRENT_IMPLEMENTATION|visualFairness:NOT_MEASURABLE_WITH_CURRENT_IMPLEMENTATION
campaign-076,76,Magnetic Circuit 076,8x8,5,2,5,49,8,41,35,30,6,0.1463,0.4615,3,0.3,2,16,14,0.875,30,1,0.9667,1.0,false,3,0.6055,0.3945,0.2357,3,3,2,4,0.8,1,1,4,1,1,81,37,1.0,true,24,false,,stateGraph:COMPLETE|strategy:COMPLETE|ordering:COMPLETE|polarity:COMPLETE|objectRelevance:COMPLETE|humanPerceivedObviousness:NOT_MEASURABLE_WITH_CURRENT_IMPLEMENTATION|visualFairness:NOT_MEASURABLE_WITH_CURRENT_IMPLEMENTATION
campaign-077,77,Magnetic Circuit 077,5x5,6,4,1,100,21,79,71,44,8,0.1013,0.4706,3,0.2,2,74,14,0.1892,90,4,0.9556,0.8372,true,,0.5234,0.4766,0.1773,4,4,1,4,0.6667,2,1,0,1,3,87,21,1.0,true,48,false,,stateGraph:COMPLETE|strategy:COMPLETE|ordering:COMPLETE|polarity:COMPLETE|objectRelevance:COMPLETE|humanPerceivedObviousness:NOT_MEASURABLE_WITH_CURRENT_IMPLEMENTATION|visualFairness:NOT_MEASURABLE_WITH_CURRENT_IMPLEMENTATION
campaign-078,78,Magnetic Circuit 078,5x5,5,2,1,45,8,37,31,25,6,0.1622,0.6,1,0.1,2,37,14,0.3784,20,2,0.9,1.0,false,3,0.5391,0.4609,0.2613,3,3,2,3,0.6,1,1,0,2,0,81,41,1.0,true,22,false,,stateGraph:COMPLETE|strategy:COMPLETE|ordering:COMPLETE|polarity:COMPLETE|objectRelevance:COMPLETE|humanPerceivedObviousness:NOT_MEASURABLE_WITH_CURRENT_IMPLEMENTATION|visualFairness:NOT_MEASURABLE_WITH_CURRENT_IMPLEMENTATION
campaign-079,79,Magnetic Circuit 079,5x5,6,3,4,149,20,129,109,103,20,0.155,0.6061,2,0.1333,2,108,40,0.3704,150,4,0.9733,0.7614,true,,0.4805,0.5195,0.2997,5,5,1,4,0.6667,2,2,2,3,0,85,35,1.0,true,75,false,,stateGraph:COMPLETE|strategy:COMPLETE|ordering:COMPLETE|polarity:COMPLETE|objectRelevance:COMPLETE|humanPerceivedObviousness:NOT_MEASURABLE_WITH_CURRENT_IMPLEMENTATION|visualFairness:NOT_MEASURABLE_WITH_CURRENT_IMPLEMENTATION
campaign-080,80,Magnetic Circuit 080,7x7,5,5,2,63,3,60,51,44,9,0.15,0.5625,1,0.1,2,36,3,0.0833,50,3,0.94,0.7568,false,0,0.5234,0.4766,0.2667,4,4,1,4,0.8,1,2,0,2,3,82,34,1.0,true,36,false,,stateGraph:COMPLETE|strategy:COMPLETE|ordering:COMPLETE|polarity:COMPLETE|objectRelevance:COMPLETE|humanPerceivedObviousness:NOT_MEASURABLE_WITH_CURRENT_IMPLEMENTATION|visualFairness:NOT_MEASURABLE_WITH_CURRENT_IMPLEMENTATION
campaign-081,81,Magnetic Circuit 081,5x5,6,4,1,36,14,22,16,14,6,0.2727,0.8571,10,0.6667,5,22,8,0.3636,6,1,0.8333,1.0,true,,0.1094,0.8906,0.5,4,4,1,4,0.6667,2,0,1,3,1,91,55,1.0,true,18,false,,stateGraph:COMPLETE|strategy:COMPLETE|ordering:COMPLETE|polarity:COMPLETE|objectRelevance:COMPLETE|humanPerceivedObviousness:NOT_MEASURABLE_WITH_CURRENT_IMPLEMENTATION|visualFairness:NOT_MEASURABLE_WITH_CURRENT_IMPLEMENTATION
campaign-082,82,Magnetic Circuit 082,5x5,5,4,1,69,0,69,59,39,10,0.1449,0.7143,1,0.1,2,63,10,0.1587,60,2,0.9667,0.8636,false,0,0.4922,0.5078,0.256,4,4,2,4,0.8,1,1,0,2,2,85,34,1.0,true,40,false,,stateGraph:COMPLETE|strategy:COMPLETE|ordering:COMPLETE|polarity:COMPLETE|objectRelevance:COMPLETE|humanPerceivedObviousness:NOT_MEASURABLE_WITH_CURRENT_IMPLEMENTATION|visualFairness:NOT_MEASURABLE_WITH_CURRENT_IMPLEMENTATION
campaign-083,83,Magnetic Circuit 083,8x8,7,2,2,55,29,26,19,19,7,0.2692,0.7,15,0.7143,5,20,15,0.75,10,1,0.9,1.0,false,1,0.1797,0.8203,0.4743,4,4,4,4,0.5714,3,1,1,2,0,90,61,1.0,true,21,false,,stateGraph:COMPLETE|strategy:COMPLETE|ordering:COMPLETE|polarity:COMPLETE|objectRelevance:COMPLETE|humanPerceivedObviousness:NOT_MEASURABLE_WITH_CURRENT_IMPLEMENTATION|visualFairness:NOT_MEASURABLE_WITH_CURRENT_IMPLEMENTATION
campaign-084,84,Magnetic Circuit 084,8x8,4,3,3,27,0,27,22,16,5,0.1852,0.7143,1,0.1667,2,24,5,0.2083,12,2,0.8333,0.7273,true,,0.4961,0.5039,0.2963,3,3,1,2,0.5,2,0,3,2,1,78,31,1.0,true,20,false,,stateGraph:COMPLETE|strategy:COMPLETE|ordering:COMPLETE|polarity:COMPLETE|objectRelevance:COMPLETE|humanPerceivedObviousness:NOT_MEASURABLE_WITH_CURRENT_IMPLEMENTATION|visualFairness:NOT_MEASURABLE_WITH_CURRENT_IMPLEMENTATION
campaign-085,85,Magnetic Circuit 085,5x5,4,5,3,24,0,24,20,11,4,0.1667,1.0,1,0.1667,2,24,4,0.1667,12,1,0.9167,1.0,true,,0.5156,0.4844,0.2778,3,3,1,2,0.5,2,1,2,2,3,75,28,1.0,true,16,false,,stateGraph:COMPLETE|strategy:COMPLETE|ordering:COMPLETE|polarity:COMPLETE|objectRelevance:COMPLETE|humanPerceivedObviousness:NOT_MEASURABLE_WITH_CURRENT_IMPLEMENTATION|visualFairness:NOT_MEASURABLE_WITH_CURRENT_IMPLEMENTATION
campaign-086,86,Magnetic Circuit 086,4x4,4,3,0,22,7,15,14,6,1,0.0667,0.3333,1,0.1667,2,13,5,0.3846,5,2,0.6,0.6,true,,0.8125,0.1875,0.1112,2,2,1,2,0.5,2,0,0,3,0,73,20,1.0,true,14,false,,stateGraph:COMPLETE|strategy:COMPLETE|ordering:COMPLETE|polarity:COMPLETE|objectRelevance:COMPLETE|humanPerceivedObviousness:NOT_MEASURABLE_WITH_CURRENT_IMPLEMENTATION|visualFairness:NOT_MEASURABLE_WITH_CURRENT_IMPLEMENTATION
campaign-087,87,Magnetic Circuit 087,5x5,6,1,4,73,22,51,47,31,4,0.0784,0.3333,2,0.1333,2,29,19,0.6552,43,3,0.9302,0.8214,true,,0.793,0.207,0.1176,2,2,1,2,0.3333,2,1,3,1,0,76,12,1.0,true,30,false,,stateGraph:COMPLETE|strategy:COMPLETE|ordering:COMPLETE|polarity:COMPLETE|objectRelevance:COMPLETE|humanPerceivedObviousness:NOT_MEASURABLE_WITH_CURRENT_IMPLEMENTATION|visualFairness:NOT_MEASURABLE_WITH_CURRENT_IMPLEMENTATION
campaign-088,88,Magnetic Circuit 088,7x7,6,3,2,78,18,60,45,43,13,0.25,0.8125,4,0.2667,3,56,37,0.6607,40,2,0.95,0.8182,false,0,0.2852,0.7148,0.4389,4,4,2,5,0.8333,1,2,0,2,1,88,58,1.0,true,45,false,,stateGraph:COMPLETE|strategy:COMPLETE|ordering:COMPLETE|polarity:COMPLETE|objectRelevance:COMPLETE|humanPerceivedObviousness:NOT_MEASURABLE_WITH_CURRENT_IMPLEMENTATION|visualFairness:NOT_MEASURABLE_WITH_CURRENT_IMPLEMENTATION
campaign-089,89,Magnetic Circuit 089,7x7,5,2,2,32,10,22,18,15,4,0.1818,0.6667,5,0.5,3,12,10,0.8333,10,1,0.9,1.0,false,1,0.5312,0.4688,0.3333,4,4,3,3,0.6,2,1,1,2,0,84,52,1.0,true,20,false,,stateGraph:COMPLETE|strategy:COMPLETE|ordering:COMPLETE|polarity:COMPLETE|objectRelevance:COMPLETE|humanPerceivedObviousness:NOT_MEASURABLE_WITH_CURRENT_IMPLEMENTATION|visualFairness:NOT_MEASURABLE_WITH_CURRENT_IMPLEMENTATION
campaign-090,90,Magnetic Circuit 090,5x5,5,1,1,28,10,18,16,6,2,0.1111,0.5,3,0.3,3,15,4,0.2667,6,2,0.6667,1.0,true,,0.4648,0.5352,0.1481,1,1,2,2,0.4,2,0,1,1,0,70,25,1.0,true,13,false,,stateGraph:COMPLETE|strategy:COMPLETE|ordering:COMPLETE|polarity:COMPLETE|objectRelevance:COMPLETE|humanPerceivedObviousness:NOT_MEASURABLE_WITH_CURRENT_IMPLEMENTATION|visualFairness:NOT_MEASURABLE_WITH_CURRENT_IMPLEMENTATION
campaign-091,91,Magnetic Circuit 091,8x8,5,3,2,40,0,40,28,26,8,0.3,1.0,3,0.3,3,24,8,0.3333,20,1,0.95,1.0,true,,0.1406,0.8594,0.5667,4,4,1,2,0.4,3,0,2,2,1,81,48,1.0,true,32,false,,stateGraph:COMPLETE|strategy:COMPLETE|ordering:COMPLETE|polarity:COMPLETE|objectRelevance:COMPLETE|humanPerceivedObviousness:NOT_MEASURABLE_WITH_CURRENT_IMPLEMENTATION|visualFairness:NOT_MEASURABLE_WITH_CURRENT_IMPLEMENTATION
campaign-092,92,Magnetic Circuit 092,5x5,4,2,1,24,0,24,20,11,4,0.1667,1.0,1,0.1667,2,24,4,0.1667,12,1,0.9167,1.0,true,,0.4688,0.5312,0.2778,3,3,1,2,0.5,2,1,0,1,1,81,30,1.0,true,16,false,,stateGraph:COMPLETE|strategy:COMPLETE|ordering:COMPLETE|polarity:COMPLETE|objectRelevance:COMPLETE|humanPerceivedObviousness:NOT_MEASURABLE_WITH_CURRENT_IMPLEMENTATION|visualFairness:NOT_MEASURABLE_WITH_CURRENT_IMPLEMENTATION
campaign-093,93,Magnetic Circuit 093,6x6,5,2,4,25,10,15,13,8,2,0.1333,0.5,6,0.6,4,10,6,0.6,5,1,0.8,1.0,false,0,0.5273,0.4727,0.2,2,2,4,2,0.4,3,1,3,1,1,69,39,1.0,true,12,false,,stateGraph:COMPLETE|strategy:COMPLETE|ordering:COMPLETE|polarity:COMPLETE|objectRelevance:COMPLETE|humanPerceivedObviousness:NOT_MEASURABLE_WITH_CURRENT_IMPLEMENTATION|visualFairness:NOT_MEASURABLE_WITH_CURRENT_IMPLEMENTATION
campaign-094,94,Magnetic Circuit 094,8x8,4,2,3,18,3,15,12,9,3,0.2,0.75,2,0.3333,2,12,3,0.25,6,1,0.8333,1.0,true,,0.4805,0.5195,0.3333,3,3,1,2,0.5,2,0,3,2,0,76,38,1.0,true,12,false,,stateGraph:COMPLETE|strategy:COMPLETE|ordering:COMPLETE|polarity:COMPLETE|objectRelevance:COMPLETE|humanPerceivedObviousness:NOT_MEASURABLE_WITH_CURRENT_IMPLEMENTATION|visualFairness:NOT_MEASURABLE_WITH_CURRENT_IMPLEMENTATION
campaign-095,95,Magnetic Circuit 095,5x5,4,2,3,16,4,12,10,6,2,0.1667,0.6667,3,0.5,3,12,6,0.5,4,1,0.75,1.0,false,0,0.4961,0.5039,0.25,2,2,1,2,0.5,2,2,1,2,0,77,53,1.0,true,10,false,,stateGraph:COMPLETE|strategy:COMPLETE|ordering:COMPLETE|polarity:COMPLETE|objectRelevance:COMPLETE|humanPerceivedObviousness:NOT_MEASURABLE_WITH_CURRENT_IMPLEMENTATION|visualFairness:NOT_MEASURABLE_WITH_CURRENT_IMPLEMENTATION
campaign-096,96,Magnetic Circuit 096,8x8,6,3,2,48,12,36,24,28,8,0.3333,0.8,6,0.4,3,24,8,0.3333,20,1,0.95,1.0,true,,0.1406,0.8594,0.6851,5,5,1,4,0.6667,2,1,1,2,1,90,53,1.0,true,32,false,,stateGraph:COMPLETE|strategy:COMPLETE|ordering:COMPLETE|polarity:COMPLETE|objectRelevance:COMPLETE|humanPerceivedObviousness:NOT_MEASURABLE_WITH_CURRENT_IMPLEMENTATION|visualFairness:NOT_MEASURABLE_WITH_CURRENT_IMPLEMENTATION
campaign-097,97,Magnetic Circuit 097,6x6,4,5,1,24,0,24,20,11,4,0.1667,1.0,1,0.1667,2,24,4,0.1667,12,1,0.9167,1.0,false,1,0.5312,0.4688,0.2778,3,3,2,3,0.75,1,0,1,3,2,79,36,1.0,true,16,false,,stateGraph:COMPLETE|strategy:COMPLETE|ordering:COMPLETE|polarity:COMPLETE|objectRelevance:COMPLETE|humanPerceivedObviousness:NOT_MEASURABLE_WITH_CURRENT_IMPLEMENTATION|visualFairness:NOT_MEASURABLE_WITH_CURRENT_IMPLEMENTATION
campaign-098,98,Magnetic Circuit 098,5x5,4,1,3,18,3,15,12,9,3,0.2,0.75,2,0.3333,2,9,3,0.3333,6,1,0.8333,1.0,false,0,0.543,0.457,0.3333,3,3,2,3,0.75,1,1,2,1,0,73,47,1.0,true,12,false,,stateGraph:COMPLETE|strategy:COMPLETE|ordering:COMPLETE|polarity:COMPLETE|objectRelevance:COMPLETE|humanPerceivedObviousness:NOT_MEASURABLE_WITH_CURRENT_IMPLEMENTATION|visualFairness:NOT_MEASURABLE_WITH_CURRENT_IMPLEMENTATION
campaign-099,99,Magnetic Circuit 099,8x8,5,4,3,40,4,36,28,22,8,0.2222,1.0,3,0.3,3,28,4,0.1429,20,1,0.95,1.0,false,0,0.2617,0.7383,0.4074,4,4,3,4,0.8,1,0,3,3,1,83,47,1.0,true,24,false,,stateGraph:COMPLETE|strategy:COMPLETE|ordering:COMPLETE|polarity:COMPLETE|objectRelevance:COMPLETE|humanPerceivedObviousness:NOT_MEASURABLE_WITH_CURRENT_IMPLEMENTATION|visualFairness:NOT_MEASURABLE_WITH_CURRENT_IMPLEMENTATION
campaign-100,100,Magnetic Circuit 100,5x5,5,2,0,19,11,8,7,3,1,0.125,0.5,9,0.9,4,5,3,0.6,2,1,0.5,1.0,false,1,0.793,0.207,0.1667,1,1,4,2,0.4,3,0,0,1,1,64,39,1.0,true,8,false,,stateGraph:COMPLETE|strategy:COMPLETE|ordering:COMPLETE|polarity:COMPLETE|objectRelevance:COMPLETE|humanPerceivedObviousness:NOT_MEASURABLE_WITH_CURRENT_IMPLEMENTATION|visualFairness:NOT_MEASURABLE_WITH_CURRENT_IMPLEMENTATION
campaign-101,101,Magnetic Circuit 101,5x5,5,3,5,40,8,32,28,18,4,0.125,0.5714,3,0.3,3,20,4,0.2,20,1,0.95,1.0,false,2,0.5312,0.4688,0.2083,3,3,3,3,0.6,2,1,4,2,1,79,34,1.0,true,20,false,,stateGraph:COMPLETE|strategy:COMPLETE|ordering:COMPLETE|polarity:COMPLETE|objectRelevance:COMPLETE|humanPerceivedObviousness:NOT_MEASURABLE_WITH_CURRENT_IMPLEMENTATION|visualFairness:NOT_MEASURABLE_WITH_CURRENT_IMPLEMENTATION
campaign-102,102,Magnetic Circuit 102,5x5,4,1,5,24,0,24,20,11,4,0.1667,1.0,1,0.1667,2,8,4,0.5,12,1,0.9167,1.0,false,0,0.4609,0.5391,0.2778,3,3,1,2,0.5,2,2,3,1,0,75,45,1.0,true,16,false,,stateGraph:COMPLETE|strategy:COMPLETE|ordering:COMPLETE|polarity:COMPLETE|objectRelevance:COMPLETE|humanPerceivedObviousness:NOT_MEASURABLE_WITH_CURRENT_IMPLEMENTATION|visualFairness:NOT_MEASURABLE_WITH_CURRENT_IMPLEMENTATION
campaign-103,103,Magnetic Circuit 103,6x6,3,1,4,6,2,4,3,1,1,0.25,1.0,3,1.0,3,4,3,0.75,1,1,0.0,0.0,true,,0.457,0.543,0.3333,1,1,3,1,0.3333,2,1,3,1,0,49,49,1.0,true,5,false,,stateGraph:COMPLETE|strategy:COMPLETE|ordering:COMPLETE|polarity:COMPLETE|objectRelevance:COMPLETE|humanPerceivedObviousness:NOT_MEASURABLE_WITH_CURRENT_IMPLEMENTATION|visualFairness:NOT_MEASURABLE_WITH_CURRENT_IMPLEMENTATION
campaign-104,104,Magnetic Circuit 104,7x7,5,4,2,64,4,60,52,34,8,0.1333,0.7273,1,0.1,2,42,16,0.381,40,2,0.95,0.8857,true,,0.5156,0.4844,0.2444,4,4,1,2,0.4,3,1,1,1,3,84,28,1.0,true,36,false,,stateGraph:COMPLETE|strategy:COMPLETE|ordering:COMPLETE|polarity:COMPLETE|objectRelevance:COMPLETE|humanPerceivedObviousness:NOT_MEASURABLE_WITH_CURRENT_IMPLEMENTATION|visualFairness:NOT_MEASURABLE_WITH_CURRENT_IMPLEMENTATION
campaign-105,105,Magnetic Circuit 105,8x8,4,4,3,16,4,12,10,6,2,0.1667,0.6667,3,0.5,3,6,2,0.3333,4,1,0.75,1.0,true,,0.4844,0.5156,0.3056,3,3,3,2,0.5,2,2,1,2,2,70,38,1.0,true,12,false,,stateGraph:COMPLETE|strategy:COMPLETE|ordering:COMPLETE|polarity:COMPLETE|objectRelevance:COMPLETE|humanPerceivedObviousness:NOT_MEASURABLE_WITH_CURRENT_IMPLEMENTATION|visualFairness:NOT_MEASURABLE_WITH_CURRENT_IMPLEMENTATION
campaign-106,106,Magnetic Circuit 106,5x5,3,1,2,9,0,9,7,4,2,0.2222,1.0,1,0.3333,2,6,2,0.3333,3,1,0.6667,1.0,true,,0.4844,0.5156,0.3333,2,2,2,2,0.6667,1,1,1,1,0,64,39,1.0,true,8,false,,stateGraph:COMPLETE|strategy:COMPLETE|ordering:COMPLETE|polarity:COMPLETE|objectRelevance:COMPLETE|humanPerceivedObviousness:NOT_MEASURABLE_WITH_CURRENT_IMPLEMENTATION|visualFairness:NOT_MEASURABLE_WITH_CURRENT_IMPLEMENTATION
campaign-107,107,Magnetic Circuit 107,8x8,5,3,2,30,10,20,17,11,3,0.15,0.6,4,0.4,3,20,9,0.45,10,1,0.9,1.0,true,,0.4805,0.5195,0.25,3,3,1,2,0.4,2,1,1,1,2,83,38,1.0,true,15,false,,stateGraph:COMPLETE|strategy:COMPLETE|ordering:COMPLETE|polarity:COMPLETE|objectRelevance:COMPLETE|humanPerceivedObviousness:NOT_MEASURABLE_WITH_CURRENT_IMPLEMENTATION|visualFairness:NOT_MEASURABLE_WITH_CURRENT_IMPLEMENTATION
campaign-108,108,Magnetic Circuit 108,5x5,4,1,3,13,5,8,6,4,2,0.25,1.0,5,0.8333,3,6,5,0.8333,2,1,0.5,1.0,true,,0.4844,0.5156,0.4167,3,3,3,2,0.5,2,1,2,1,0,69,49,1.0,true,10,false,,stateGraph:COMPLETE|strategy:COMPLETE|ordering:COMPLETE|polarity:COMPLETE|objectRelevance:COMPLETE|humanPerceivedObviousness:NOT_MEASURABLE_WITH_CURRENT_IMPLEMENTATION|visualFairness:NOT_MEASURABLE_WITH_CURRENT_IMPLEMENTATION
campaign-109,109,Magnetic Circuit 109,5x5,5,5,1,37,10,27,23,20,4,0.1481,0.4444,4,0.4,3,27,10,0.3704,15,1,0.9333,1.0,true,,0.5273,0.4727,0.2468,3,3,3,4,0.8,1,0,1,2,3,82,28,1.0,true,18,false,,stateGraph:COMPLETE|strategy:COMPLETE|ordering:COMPLETE|polarity:COMPLETE|objectRelevance:COMPLETE|humanPerceivedObviousness:NOT_MEASURABLE_WITH_CURRENT_IMPLEMENTATION|visualFairness:NOT_MEASURABLE_WITH_CURRENT_IMPLEMENTATION
campaign-110,110,Magnetic Circuit 110,5x5,4,3,0,18,3,15,12,9,3,0.2,0.75,2,0.3333,2,15,3,0.2,6,1,0.8333,1.0,false,0,0.543,0.457,0.3333,3,3,2,3,0.75,1,0,0,3,0,78,47,1.0,true,12,false,,stateGraph:COMPLETE|strategy:COMPLETE|ordering:COMPLETE|polarity:COMPLETE|objectRelevance:COMPLETE|humanPerceivedObviousness:NOT_MEASURABLE_WITH_CURRENT_IMPLEMENTATION|visualFairness:NOT_MEASURABLE_WITH_CURRENT_IMPLEMENTATION
campaign-111,111,Magnetic Circuit 111,5x5,4,1,3,24,0,24,20,11,4,0.1667,1.0,1,0.1667,2,12,4,0.3333,12,1,0.9167,1.0,true,,0.4688,0.5312,0.2778,3,3,2,3,0.75,1,2,1,1,0,76,31,1.0,true,16,false,,stateGraph:COMPLETE|strategy:COMPLETE|ordering:COMPLETE|polarity:COMPLETE|objectRelevance:COMPLETE|humanPerceivedObviousness:NOT_MEASURABLE_WITH_CURRENT_IMPLEMENTATION|visualFairness:NOT_MEASURABLE_WITH_CURRENT_IMPLEMENTATION
campaign-112,112,Magnetic Circuit 112,7x7,5,4,2,25,4,21,13,14,6,0.381,1.0,6,0.6,4,16,8,0.5,5,1,0.8,1.0,false,1,0.0938,0.9062,0.6667,3,3,1,3,0.6,2,0,2,2,2,88,67,1.0,true,20,false,,stateGraph:COMPLETE|strategy:COMPLETE|ordering:COMPLETE|polarity:COMPLETE|objectRelevance:COMPLETE|humanPerceivedObviousness:NOT_MEASURABLE_WITH_CURRENT_IMPLEMENTATION|visualFairness:NOT_MEASURABLE_WITH_CURRENT_IMPLEMENTATION
campaign-113,113,Magnetic Circuit 113,5x5,6,4,3,36,14,22,16,14,6,0.2727,0.8571,10,0.6667,5,16,8,0.5,6,1,0.8333,1.0,true,,0.1016,0.8984,0.5,4,4,5,4,0.6667,2,1,2,2,2,85,49,1.0,true,18,false,,stateGraph:COMPLETE|strategy:COMPLETE|ordering:COMPLETE|polarity:COMPLETE|objectRelevance:COMPLETE|humanPerceivedObviousness:NOT_MEASURABLE_WITH_CURRENT_IMPLEMENTATION|visualFairness:NOT_MEASURABLE_WITH_CURRENT_IMPLEMENTATION
campaign-114,114,Magnetic Circuit 114,8x8,4,3,7,24,0,24,20,11,4,0.1667,1.0,1,0.1667,2,12,4,0.3333,12,1,0.9167,1.0,false,0,0.5039,0.4961,0.2778,3,3,2,3,0.75,1,2,5,1,2,80,38,1.0,true,16,false,,stateGraph:COMPLETE|strategy:COMPLETE|ordering:COMPLETE|polarity:COMPLETE|objectRelevance:COMPLETE|humanPerceivedObviousness:NOT_MEASURABLE_WITH_CURRENT_IMPLEMENTATION|visualFairness:NOT_MEASURABLE_WITH_CURRENT_IMPLEMENTATION
campaign-115,115,Magnetic Circuit 115,8x8,5,3,2,40,0,40,28,26,8,0.3,1.0,3,0.3,3,24,8,0.3333,20,1,0.95,1.0,true,,0.1602,0.8398,0.5667,4,4,1,2,0.4,3,0,2,2,1,83,48,1.0,true,32,false,,stateGraph:COMPLETE|strategy:COMPLETE|ordering:COMPLETE|polarity:COMPLETE|objectRelevance:COMPLETE|humanPerceivedObviousness:NOT_MEASURABLE_WITH_CURRENT_IMPLEMENTATION|visualFairness:NOT_MEASURABLE_WITH_CURRENT_IMPLEMENTATION
campaign-116,116,Magnetic Circuit 116,8x8,5,2,5,40,8,32,28,18,4,0.125,0.5714,3,0.3,2,14,4,0.2857,25,1,0.96,1.0,true,,0.4961,0.5039,0.2083,3,3,1,3,0.6,2,1,4,1,1,82,28,1.0,true,20,false,,stateGraph:COMPLETE|strategy:COMPLETE|ordering:COMPLETE|polarity:COMPLETE|objectRelevance:COMPLETE|humanPerceivedObviousness:NOT_MEASURABLE_WITH_CURRENT_IMPLEMENTATION|visualFairness:NOT_MEASURABLE_WITH_CURRENT_IMPLEMENTATION
campaign-117,117,Magnetic Circuit 117,6x6,4,3,4,24,0,24,20,11,4,0.1667,1.0,1,0.1667,2,18,4,0.2222,12,1,0.9167,1.0,false,0,0.5156,0.4844,0.2778,3,3,1,1,0.25,3,1,3,2,1,79,37,1.0,true,16,false,,stateGraph:COMPLETE|strategy:COMPLETE|ordering:COMPLETE|polarity:COMPLETE|objectRelevance:COMPLETE|humanPerceivedObviousness:NOT_MEASURABLE_WITH_CURRENT_IMPLEMENTATION|visualFairness:NOT_MEASURABLE_WITH_CURRENT_IMPLEMENTATION
campaign-118,118,Magnetic Circuit 118,5x5,5,3,0,48,7,41,38,18,3,0.0732,0.4286,1,0.1,2,41,7,0.1707,35,1,0.9714,1.0,true,,0.7656,0.2344,0.122,3,3,1,2,0.4,3,0,0,3,0,80,12,1.0,true,24,false,,stateGraph:COMPLETE|strategy:COMPLETE|ordering:COMPLETE|polarity:COMPLETE|objectRelevance:COMPLETE|humanPerceivedObviousness:NOT_MEASURABLE_WITH_CURRENT_IMPLEMENTATION|visualFairness:NOT_MEASURABLE_WITH_CURRENT_IMPLEMENTATION
campaign-119,119,Magnetic Circuit 119,5x5,4,2,1,24,0,24,20,11,4,0.1667,1.0,1,0.1667,2,24,4,0.1667,12,1,0.9167,1.0,true,,0.4844,0.5156,0.2778,3,3,1,1,0.25,3,0,1,2,0,77,28,1.0,true,16,false,,stateGraph:COMPLETE|strategy:COMPLETE|ordering:COMPLETE|polarity:COMPLETE|objectRelevance:COMPLETE|humanPerceivedObviousness:NOT_MEASURABLE_WITH_CURRENT_IMPLEMENTATION|visualFairness:NOT_MEASURABLE_WITH_CURRENT_IMPLEMENTATION
campaign-120,120,Magnetic Circuit 120,8x8,5,6,2,40,8,32,28,18,4,0.125,0.5714,3,0.3,3,32,12,0.375,20,1,0.95,1.0,false,0,0.4609,0.5391,0.2083,3,3,1,3,0.6,2,1,1,2,4,87,42,1.0,true,20,false,,stateGraph:COMPLETE|strategy:COMPLETE|ordering:COMPLETE|polarity:COMPLETE|objectRelevance:COMPLETE|humanPerceivedObviousness:NOT_MEASURABLE_WITH_CURRENT_IMPLEMENTATION|visualFairness:NOT_MEASURABLE_WITH_CURRENT_IMPLEMENTATION
campaign-121,121,Magnetic Circuit 121,5x5,4,4,1,19,2,17,15,4,2,0.1176,1.0,2,0.3333,2,17,2,0.1176,8,1,0.875,1.0,false,0,0.5273,0.4727,0.1764,2,2,1,2,0.5,2,1,0,1,3,80,35,1.0,true,12,false,,stateGraph:COMPLETE|strategy:COMPLETE|ordering:COMPLETE|polarity:COMPLETE|objectRelevance:COMPLETE|humanPerceivedObviousness:NOT_MEASURABLE_WITH_CURRENT_IMPLEMENTATION|visualFairness:NOT_MEASURABLE_WITH_CURRENT_IMPLEMENTATION
campaign-122,122,Magnetic Circuit 122,5x5,4,3,1,24,0,24,20,11,4,0.1667,1.0,1,0.1667,2,18,4,0.2222,12,1,0.9167,1.0,true,,0.4688,0.5312,0.2778,3,3,1,2,0.5,2,1,0,2,1,80,31,1.0,true,16,false,,stateGraph:COMPLETE|strategy:COMPLETE|ordering:COMPLETE|polarity:COMPLETE|objectRelevance:COMPLETE|humanPerceivedObviousness:NOT_MEASURABLE_WITH_CURRENT_IMPLEMENTATION|visualFairness:NOT_MEASURABLE_WITH_CURRENT_IMPLEMENTATION
campaign-123,123,Magnetic Circuit 123,7x7,4,4,3,24,0,24,20,11,4,0.1667,1.0,1,0.1667,2,18,4,0.2222,12,1,0.9167,1.0,false,1,0.5312,0.4688,0.2778,3,3,2,3,0.75,1,1,2,2,2,79,37,1.0,true,16,false,,stateGraph:COMPLETE|strategy:COMPLETE|ordering:COMPLETE|polarity:COMPLETE|objectRelevance:COMPLETE|humanPerceivedObviousness:NOT_MEASURABLE_WITH_CURRENT_IMPLEMENTATION|visualFairness:NOT_MEASURABLE_WITH_CURRENT_IMPLEMENTATION
campaign-124,124,Magnetic Circuit 124,8x8,5,3,1,76,8,68,64,41,4,0.0588,0.2857,0,0.0,0,60,16,0.2667,60,2,0.9667,0.8462,true,,0.8633,0.1367,0.098,3,3,2,3,0.6,2,1,0,1,2,74,0,1.0,true,36,false,,stateGraph:COMPLETE|strategy:COMPLETE|ordering:COMPLETE|polarity:COMPLETE|objectRelevance:COMPLETE|humanPerceivedObviousness:NOT_MEASURABLE_WITH_CURRENT_IMPLEMENTATION|visualFairness:NOT_MEASURABLE_WITH_CURRENT_IMPLEMENTATION
campaign-125,125,Magnetic Circuit 125,6x6,6,4,1,76,12,64,44,49,12,0.3125,0.7059,3,0.2,3,64,30,0.4688,36,2,0.9444,1.0,false,1,0.1523,0.8477,0.5938,4,4,4,5,0.8333,1,0,1,3,1,86,55,1.0,true,42,false,,stateGraph:COMPLETE|strategy:COMPLETE|ordering:COMPLETE|polarity:COMPLETE|objectRelevance:COMPLETE|humanPerceivedObviousness:NOT_MEASURABLE_WITH_CURRENT_IMPLEMENTATION|visualFairness:NOT_MEASURABLE_WITH_CURRENT_IMPLEMENTATION
campaign-126,126,Magnetic Circuit 126,5x5,4,1,2,13,4,9,8,3,1,0.1111,0.5,4,0.6667,3,7,1,0.1429,3,1,0.6667,1.0,true,,0.457,0.543,0.1852,2,2,2,2,0.5,2,0,2,1,0,62,27,1.0,true,9,false,,stateGraph:COMPLETE|strategy:COMPLETE|ordering:COMPLETE|polarity:COMPLETE|objectRelevance:COMPLETE|humanPerceivedObviousness:NOT_MEASURABLE_WITH_CURRENT_IMPLEMENTATION|visualFairness:NOT_MEASURABLE_WITH_CURRENT_IMPLEMENTATION
campaign-127,127,Magnetic Circuit 127,5x5,5,2,1,45,6,39,33,25,6,0.1538,0.6667,2,0.2,2,24,6,0.25,30,1,0.9667,1.0,false,0,0.4492,0.5508,0.282,4,4,1,2,0.4,3,1,0,2,0,84,44,1.0,true,24,false,,stateGraph:COMPLETE|strategy:COMPLETE|ordering:COMPLETE|polarity:COMPLETE|objectRelevance:COMPLETE|humanPerceivedObviousness:NOT_MEASURABLE_WITH_CURRENT_IMPLEMENTATION|visualFairness:NOT_MEASURABLE_WITH_CURRENT_IMPLEMENTATION
campaign-128,128,Magnetic Circuit 128,8x8,6,6,3,48,18,30,26,22,4,0.1333,0.4,8,0.5333,4,24,6,0.25,18,1,0.9444,1.0,false,2,0.5156,0.4844,0.2222,3,3,3,5,0.8333,1,1,2,2,4,86,35,1.0,true,20,false,,stateGraph:COMPLETE|strategy:COMPLETE|ordering:COMPLETE|polarity:COMPLETE|objectRelevance:COMPLETE|humanPerceivedObviousness:NOT_MEASURABLE_WITH_CURRENT_IMPLEMENTATION|visualFairness:NOT_MEASURABLE_WITH_CURRENT_IMPLEMENTATION
campaign-129,129,Magnetic Circuit 129,7x7,4,5,2,28,0,28,24,11,4,0.1429,1.0,1,0.1667,2,26,4,0.1538,12,2,0.8333,0.8333,true,,0.4688,0.5312,0.2382,3,3,2,3,0.75,1,0,2,3,2,79,25,1.0,true,20,false,,stateGraph:COMPLETE|strategy:COMPLETE|ordering:COMPLETE|polarity:COMPLETE|objectRelevance:COMPLETE|humanPerceivedObviousness:NOT_MEASURABLE_WITH_CURRENT_IMPLEMENTATION|visualFairness:NOT_MEASURABLE_WITH_CURRENT_IMPLEMENTATION
campaign-130,130,Magnetic Circuit 130,5x5,6,2,1,91,15,76,70,20,6,0.0789,0.75,1,0.0667,2,76,15,0.1974,84,2,0.9762,1.0,true,,0.4453,0.5547,0.1315,3,3,1,3,0.5,2,0,1,2,0,82,20,1.0,true,36,false,,stateGraph:COMPLETE|strategy:COMPLETE|ordering:COMPLETE|polarity:COMPLETE|objectRelevance:COMPLETE|humanPerceivedObviousness:NOT_MEASURABLE_WITH_CURRENT_IMPLEMENTATION|visualFairness:NOT_MEASURABLE_WITH_CURRENT_IMPLEMENTATION
campaign-131,131,Magnetic Circuit 131,7x7,5,3,2,40,8,32,28,18,4,0.125,0.5714,3,0.3,3,16,12,0.75,20,1,0.95,1.0,true,,0.4844,0.5156,0.2083,3,3,1,2,0.4,3,1,1,1,2,85,33,1.0,true,20,false,,stateGraph:COMPLETE|strategy:COMPLETE|ordering:COMPLETE|polarity:COMPLETE|objectRelevance:COMPLETE|humanPerceivedObviousness:NOT_MEASURABLE_WITH_CURRENT_IMPLEMENTATION|visualFairness:NOT_MEASURABLE_WITH_CURRENT_IMPLEMENTATION
campaign-132,132,Magnetic Circuit 132,4x4,3,1,2,9,0,9,7,4,2,0.2222,1.0,1,0.3333,2,6,2,0.3333,3,1,0.6667,1.0,false,0,0.4961,0.5039,0.3333,2,2,1,1,0.3333,2,1,1,1,0,67,51,1.0,true,8,false,,stateGraph:COMPLETE|strategy:COMPLETE|ordering:COMPLETE|polarity:COMPLETE|objectRelevance:COMPLETE|humanPerceivedObviousness:NOT_MEASURABLE_WITH_CURRENT_IMPLEMENTATION|visualFairness:NOT_MEASURABLE_WITH_CURRENT_IMPLEMENTATION
campaign-133,133,Magnetic Circuit 133,7x7,5,3,2,36,8,28,25,14,3,0.1071,0.5,3,0.3,2,17,3,0.1765,20,1,0.95,1.0,false,0,0.5312,0.4688,0.1785,3,3,1,3,0.6,2,0,2,3,0,84,34,1.0,true,18,false,,stateGraph:COMPLETE|strategy:COMPLETE|ordering:COMPLETE|polarity:COMPLETE|objectRelevance:COMPLETE|humanPerceivedObviousness:NOT_MEASURABLE_WITH_CURRENT_IMPLEMENTATION|visualFairness:NOT_MEASURABLE_WITH_CURRENT_IMPLEMENTATION
campaign-134,134,Magnetic Circuit 134,8x8,5,1,5,45,9,36,30,24,6,0.1667,0.6,1,0.1,2,24,12,0.5,20,2,0.9,1.0,true,,0.4961,0.5039,0.2778,3,3,2,3,0.6,1,1,4,1,0,77,31,1.0,true,21,false,,stateGraph:COMPLETE|strategy:COMPLETE|ordering:COMPLETE|polarity:COMPLETE|objectRelevance:COMPLETE|humanPerceivedObviousness:NOT_MEASURABLE_WITH_CURRENT_IMPLEMENTATION|visualFairness:NOT_MEASURABLE_WITH_CURRENT_IMPLEMENTATION
campaign-135,135,Magnetic Circuit 135,6x6,4,3,5,24,0,24,20,11,4,0.1667,1.0,1,0.1667,2,20,4,0.2,12,1,0.9167,1.0,true,,0.4844,0.5156,0.2778,3,3,1,1,0.25,3,1,4,1,2,48,26,1.0,true,16,false,,stateGraph:COMPLETE|strategy:COMPLETE|ordering:COMPLETE|polarity:COMPLETE|objectRelevance:COMPLETE|humanPerceivedObviousness:NOT_MEASURABLE_WITH_CURRENT_IMPLEMENTATION|visualFairness:NOT_MEASURABLE_WITH_CURRENT_IMPLEMENTATION
campaign-136,136,Magnetic Circuit 136,8x8,6,4,4,103,8,95,64,67,19,0.3263,0.8636,3,0.2,3,91,28,0.3077,60,3,0.95,0.7778,true,,0.0781,0.9219,0.6245,5,5,1,3,0.5,3,1,3,2,2,87,48,1.0,true,88,false,,stateGraph:COMPLETE|strategy:COMPLETE|ordering:COMPLETE|polarity:COMPLETE|objectRelevance:COMPLETE|humanPerceivedObviousness:NOT_MEASURABLE_WITH_CURRENT_IMPLEMENTATION|visualFairness:NOT_MEASURABLE_WITH_CURRENT_IMPLEMENTATION
campaign-137,137,Magnetic Circuit 137,5x5,7,2,1,157,50,107,86,69,21,0.1963,0.75,3,0.1429,2,93,42,0.4516,104,5,0.9519,0.8163,false,0,0.2461,0.7539,0.3583,4,4,1,5,0.7143,2,0,1,2,0,93,52,1.0,true,74,false,,stateGraph:COMPLETE|strategy:COMPLETE|ordering:COMPLETE|polarity:COMPLETE|objectRelevance:COMPLETE|humanPerceivedObviousness:NOT_MEASURABLE_WITH_CURRENT_IMPLEMENTATION|visualFairness:NOT_MEASURABLE_WITH_CURRENT_IMPLEMENTATION
campaign-138,138,Magnetic Circuit 138,5x5,5,4,1,60,4,56,48,33,8,0.1429,0.7273,1,0.1,2,56,4,0.0714,45,1,0.9778,0.8889,true,,0.4922,0.5078,0.262,4,4,3,3,0.6,2,0,1,3,1,79,21,1.0,true,32,false,,stateGraph:COMPLETE|strategy:COMPLETE|ordering:COMPLETE|polarity:COMPLETE|objectRelevance:COMPLETE|humanPerceivedObviousness:NOT_MEASURABLE_WITH_CURRENT_IMPLEMENTATION|visualFairness:NOT_MEASURABLE_WITH_CURRENT_IMPLEMENTATION
campaign-139,139,Magnetic Circuit 139,7x7,5,3,3,40,8,32,28,18,4,0.125,0.5714,3,0.3,3,16,12,0.75,20,1,0.95,1.0,true,,0.4844,0.5156,0.2083,3,3,1,2,0.4,3,2,1,1,2,82,33,1.0,true,20,false,,stateGraph:COMPLETE|strategy:COMPLETE|ordering:COMPLETE|polarity:COMPLETE|objectRelevance:COMPLETE|humanPerceivedObviousness:NOT_MEASURABLE_WITH_CURRENT_IMPLEMENTATION|visualFairness:NOT_MEASURABLE_WITH_CURRENT_IMPLEMENTATION
campaign-140,140,Magnetic Circuit 140,8x8,4,2,3,24,0,24,20,11,4,0.1667,1.0,1,0.1667,2,24,4,0.1667,12,1,0.9167,1.0,true,,0.5391,0.4609,0.2778,3,3,1,1,0.25,3,1,2,1,1,79,26,1.0,true,16,false,,stateGraph:COMPLETE|strategy:COMPLETE|ordering:COMPLETE|polarity:COMPLETE|objectRelevance:COMPLETE|humanPerceivedObviousness:NOT_MEASURABLE_WITH_CURRENT_IMPLEMENTATION|visualFairness:NOT_MEASURABLE_WITH_CURRENT_IMPLEMENTATION
campaign-141,141,Magnetic Circuit 141,5x5,5,4,1,39,8,31,25,22,6,0.1935,0.75,3,0.3,2,26,9,0.3462,20,1,0.95,1.0,false,2,0.5508,0.4492,0.3548,4,4,2,4,0.8,1,1,0,1,3,81,46,1.0,true,21,false,,stateGraph:COMPLETE|strategy:COMPLETE|ordering:COMPLETE|polarity:COMPLETE|objectRelevance:COMPLETE|humanPerceivedObviousness:NOT_MEASURABLE_WITH_CURRENT_IMPLEMENTATION|visualFairness:NOT_MEASURABLE_WITH_CURRENT_IMPLEMENTATION
campaign-142,142,Magnetic Circuit 142,8x8,4,3,5,24,0,24,20,11,4,0.1667,1.0,1,0.1667,2,18,4,0.2222,12,1,0.9167,1.0,false,0,0.5039,0.4961,0.2778,3,3,2,3,0.75,1,1,4,2,1,78,37,1.0,true,16,false,,stateGraph:COMPLETE|strategy:COMPLETE|ordering:COMPLETE|polarity:COMPLETE|objectRelevance:COMPLETE|humanPerceivedObviousness:NOT_MEASURABLE_WITH_CURRENT_IMPLEMENTATION|visualFairness:NOT_MEASURABLE_WITH_CURRENT_IMPLEMENTATION
campaign-143,143,Magnetic Circuit 143,5x5,6,1,1,60,20,40,36,25,4,0.1,0.4,6,0.4,4,20,16,0.8,30,1,0.9667,1.0,true,,0.5273,0.4727,0.1667,3,3,1,4,0.6667,2,1,0,1,0,81,32,1.0,true,24,false,,stateGraph:COMPLETE|strategy:COMPLETE|ordering:COMPLETE|polarity:COMPLETE|objectRelevance:COMPLETE|humanPerceivedObviousness:NOT_MEASURABLE_WITH_CURRENT_IMPLEMENTATION|visualFairness:NOT_MEASURABLE_WITH_CURRENT_IMPLEMENTATION
campaign-144,144,Magnetic Circuit 144,7x7,6,4,2,36,12,24,16,16,8,0.3333,1.0,10,0.6667,5,14,2,0.1429,6,1,0.8333,1.0,false,0,0.0742,0.9258,0.6666,5,5,4,5,0.8333,1,2,0,2,2,88,59,1.0,true,20,false,,stateGraph:COMPLETE|strategy:COMPLETE|ordering:COMPLETE|polarity:COMPLETE|objectRelevance:COMPLETE|humanPerceivedObviousness:NOT_MEASURABLE_WITH_CURRENT_IMPLEMENTATION|visualFairness:NOT_MEASURABLE_WITH_CURRENT_IMPLEMENTATION
campaign-145,145,Magnetic Circuit 145,7x7,4,5,1,24,0,24,20,11,4,0.1667,1.0,1,0.1667,2,18,4,0.2222,12,1,0.9167,1.0,false,0,0.4609,0.5391,0.2778,3,3,1,2,0.5,2,0,1,2,3,75,39,1.0,true,16,false,,stateGraph:COMPLETE|strategy:COMPLETE|ordering:COMPLETE|polarity:COMPLETE|objectRelevance:COMPLETE|humanPerceivedObviousness:NOT_MEASURABLE_WITH_CURRENT_IMPLEMENTATION|visualFairness:NOT_MEASURABLE_WITH_CURRENT_IMPLEMENTATION
campaign-146,146,Magnetic Circuit 146,5x5,6,2,1,98,13,85,71,50,10,0.1647,0.5882,1,0.0667,2,73,25,0.3425,104,4,0.9615,0.94,false,1,0.3594,0.6406,0.3255,4,4,1,4,0.6667,2,1,0,2,0,90,46,1.0,true,48,false,,stateGraph:COMPLETE|strategy:COMPLETE|ordering:COMPLETE|polarity:COMPLETE|objectRelevance:COMPLETE|humanPerceivedObviousness:NOT_MEASURABLE_WITH_CURRENT_IMPLEMENTATION|visualFairness:NOT_MEASURABLE_WITH_CURRENT_IMPLEMENTATION
campaign-147,147,Magnetic Circuit 147,8x8,6,4,2,36,6,30,16,22,8,0.4667,1.0,10,0.6667,5,24,10,0.4167,6,1,0.8333,1.0,false,0,0.0195,0.9805,0.9667,5,5,4,5,0.8333,1,0,2,2,2,88,65,1.0,true,32,false,,stateGraph:COMPLETE|strategy:COMPLETE|ordering:COMPLETE|polarity:COMPLETE|objectRelevance:COMPLETE|humanPerceivedObviousness:NOT_MEASURABLE_WITH_CURRENT_IMPLEMENTATION|visualFairness:NOT_MEASURABLE_WITH_CURRENT_IMPLEMENTATION
campaign-148,148,Magnetic Circuit 148,5x5,4,1,5,16,4,12,10,6,2,0.1667,0.6667,3,0.5,3,8,6,0.75,4,1,0.75,1.0,true,,0.5039,0.4961,0.25,2,2,1,2,0.5,2,1,4,1,0,78,41,1.0,true,10,false,,stateGraph:COMPLETE|strategy:COMPLETE|ordering:COMPLETE|polarity:COMPLETE|objectRelevance:COMPLETE|humanPerceivedObviousness:NOT_MEASURABLE_WITH_CURRENT_IMPLEMENTATION|visualFairness:NOT_MEASURABLE_WITH_CURRENT_IMPLEMENTATION
campaign-149,149,Magnetic Circuit 149,6x6,4,3,1,24,0,24,20,11,4,0.1667,1.0,1,0.1667,2,12,4,0.3333,12,1,0.9167,1.0,false,1,0.5312,0.4688,0.2778,3,3,2,3,0.75,1,0,1,3,0,76,40,1.0,true,16,false,,stateGraph:COMPLETE|strategy:COMPLETE|ordering:COMPLETE|polarity:COMPLETE|objectRelevance:COMPLETE|humanPerceivedObviousness:NOT_MEASURABLE_WITH_CURRENT_IMPLEMENTATION|visualFairness:NOT_MEASURABLE_WITH_CURRENT_IMPLEMENTATION
campaign-150,150,Magnetic Circuit 150,8x8,5,1,5,45,6,39,33,25,6,0.1538,0.6667,2,0.2,2,18,6,0.3333,30,1,0.9667,1.0,false,1,0.5273,0.4727,0.282,4,4,1,3,0.6,2,2,3,1,0,84,43,1.0,true,24,false,,stateGraph:COMPLETE|strategy:COMPLETE|ordering:COMPLETE|polarity:COMPLETE|objectRelevance:COMPLETE|humanPerceivedObviousness:NOT_MEASURABLE_WITH_CURRENT_IMPLEMENTATION|visualFairness:NOT_MEASURABLE_WITH_CURRENT_IMPLEMENTATION
campaign-151,151,Magnetic Circuit 151,5x5,5,3,1,40,8,32,28,18,4,0.125,0.5714,3,0.3,3,24,4,0.1667,20,1,0.95,1.0,true,,0.5156,0.4844,0.25,4,4,1,3,0.6,2,0,1,3,0,85,33,1.0,true,24,false,,stateGraph:COMPLETE|strategy:COMPLETE|ordering:COMPLETE|polarity:COMPLETE|objectRelevance:COMPLETE|humanPerceivedObviousness:NOT_MEASURABLE_WITH_CURRENT_IMPLEMENTATION|visualFairness:NOT_MEASURABLE_WITH_CURRENT_IMPLEMENTATION
campaign-152,152,Magnetic Circuit 152,7x7,5,3,2,40,0,40,28,26,8,0.3,1.0,3,0.3,3,24,8,0.3333,20,1,0.95,1.0,true,,0.1406,0.8594,0.5667,4,4,1,2,0.4,3,2,0,2,1,85,50,1.0,true,32,false,,stateGraph:COMPLETE|strategy:COMPLETE|ordering:COMPLETE|polarity:COMPLETE|objectRelevance:COMPLETE|humanPerceivedObviousness:NOT_MEASURABLE_WITH_CURRENT_IMPLEMENTATION|visualFairness:NOT_MEASURABLE_WITH_CURRENT_IMPLEMENTATION
campaign-153,153,Magnetic Circuit 153,5x5,5,2,1,74,5,69,60,34,9,0.1304,0.6429,1,0.1,2,51,13,0.2549,50,4,0.92,0.75,false,1,0.4492,0.5508,0.2173,3,3,1,3,0.6,2,0,1,2,0,84,37,1.0,true,42,false,,stateGraph:COMPLETE|strategy:COMPLETE|ordering:COMPLETE|polarity:COMPLETE|objectRelevance:COMPLETE|humanPerceivedObviousness:NOT_MEASURABLE_WITH_CURRENT_IMPLEMENTATION|visualFairness:NOT_MEASURABLE_WITH_CURRENT_IMPLEMENTATION
campaign-154,154,Magnetic Circuit 154,6x6,3,1,2,9,0,9,7,4,2,0.2222,1.0,1,0.3333,2,6,2,0.3333,3,1,0.6667,1.0,true,,0.5039,0.4961,0.3333,2,2,1,1,0.3333,2,1,1,1,0,66,41,1.0,true,8,false,,stateGraph:COMPLETE|strategy:COMPLETE|ordering:COMPLETE|polarity:COMPLETE|objectRelevance:COMPLETE|humanPerceivedObviousness:NOT_MEASURABLE_WITH_CURRENT_IMPLEMENTATION|visualFairness:NOT_MEASURABLE_WITH_CURRENT_IMPLEMENTATION
campaign-155,155,Magnetic Circuit 155,7x7,5,4,2,40,4,36,28,22,8,0.2222,1.0,3,0.3,3,28,4,0.1429,20,1,0.95,1.0,false,0,0.2656,0.7344,0.4074,4,4,1,2,0.4,3,0,2,2,2,85,49,1.0,true,24,false,,stateGraph:COMPLETE|strategy:COMPLETE|ordering:COMPLETE|polarity:COMPLETE|objectRelevance:COMPLETE|humanPerceivedObviousness:NOT_MEASURABLE_WITH_CURRENT_IMPLEMENTATION|visualFairness:NOT_MEASURABLE_WITH_CURRENT_IMPLEMENTATION
campaign-156,156,Magnetic Circuit 156,5x5,4,4,1,24,0,24,20,11,4,0.1667,1.0,1,0.1667,2,18,4,0.2222,12,1,0.9167,1.0,false,2,0.5312,0.4688,0.2778,3,3,2,3,0.75,1,1,0,1,3,80,37,1.0,true,16,false,,stateGraph:COMPLETE|strategy:COMPLETE|ordering:COMPLETE|polarity:COMPLETE|objectRelevance:COMPLETE|humanPerceivedObviousness:NOT_MEASURABLE_WITH_CURRENT_IMPLEMENTATION|visualFairness:NOT_MEASURABLE_WITH_CURRENT_IMPLEMENTATION
campaign-157,157,Magnetic Circuit 157,5x5,5,3,1,54,3,51,43,30,8,0.1569,0.7273,1,0.1,2,45,11,0.2444,40,2,0.95,0.8889,false,1,0.5234,0.4766,0.2746,4,4,2,4,0.8,1,0,1,3,0,84,38,1.0,true,32,false,,stateGraph:COMPLETE|strategy:COMPLETE|ordering:COMPLETE|polarity:COMPLETE|objectRelevance:COMPLETE|humanPerceivedObviousness:NOT_MEASURABLE_WITH_CURRENT_IMPLEMENTATION|visualFairness:NOT_MEASURABLE_WITH_CURRENT_IMPLEMENTATION
campaign-158,158,Magnetic Circuit 158,7x7,6,4,3,73,23,50,44,31,6,0.12,0.4615,3,0.2,3,39,16,0.4103,32,3,0.9062,0.9048,true,,0.5859,0.4141,0.2,3,3,1,3,0.5,2,1,2,2,2,78,27,1.0,true,31,false,,stateGraph:COMPLETE|strategy:COMPLETE|ordering:COMPLETE|polarity:COMPLETE|objectRelevance:COMPLETE|humanPerceivedObviousness:NOT_MEASURABLE_WITH_CURRENT_IMPLEMENTATION|visualFairness:NOT_MEASURABLE_WITH_CURRENT_IMPLEMENTATION
campaign-159,159,Magnetic Circuit 159,8x8,5,1,7,52,8,44,40,30,4,0.0909,0.3636,2,0.2,2,16,12,0.75,40,1,0.975,1.0,true,,0.7383,0.2617,0.1515,3,3,2,3,0.6,2,2,5,1,0,69,16,1.0,true,24,false,,stateGraph:COMPLETE|strategy:COMPLETE|ordering:COMPLETE|polarity:COMPLETE|objectRelevance:COMPLETE|humanPerceivedObviousness:NOT_MEASURABLE_WITH_CURRENT_IMPLEMENTATION|visualFairness:NOT_MEASURABLE_WITH_CURRENT_IMPLEMENTATION
campaign-160,160,Magnetic Circuit 160,7x7,5,4,2,46,10,36,31,23,5,0.1389,0.5,3,0.3,3,36,15,0.4167,20,2,0.9,0.75,true,,0.4844,0.5156,0.2222,3,3,1,4,0.8,1,1,1,1,3,85,31,1.0,true,25,false,,stateGraph:COMPLETE|strategy:COMPLETE|ordering:COMPLETE|polarity:COMPLETE|objectRelevance:COMPLETE|humanPerceivedObviousness:NOT_MEASURABLE_WITH_CURRENT_IMPLEMENTATION|visualFairness:NOT_MEASURABLE_WITH_CURRENT_IMPLEMENTATION
campaign-161,161,Magnetic Circuit 161,5x5,4,5,1,24,0,24,20,11,4,0.1667,1.0,1,0.1667,2,18,4,0.2222,12,1,0.9167,1.0,false,2,0.5312,0.4688,0.2778,3,3,2,3,0.75,1,0,1,2,3,78,36,1.0,true,16,false,,stateGraph:COMPLETE|strategy:COMPLETE|ordering:COMPLETE|polarity:COMPLETE|objectRelevance:COMPLETE|humanPerceivedObviousness:NOT_MEASURABLE_WITH_CURRENT_IMPLEMENTATION|visualFairness:NOT_MEASURABLE_WITH_CURRENT_IMPLEMENTATION
campaign-162,162,Magnetic Circuit 162,6x6,4,2,4,24,0,24,20,11,4,0.1667,1.0,1,0.1667,2,18,4,0.2222,12,1,0.9167,1.0,false,0,0.4609,0.5391,0.2778,3,3,1,2,0.5,2,1,3,1,1,77,39,1.0,true,16,false,,stateGraph:COMPLETE|strategy:COMPLETE|ordering:COMPLETE|polarity:COMPLETE|objectRelevance:COMPLETE|humanPerceivedObviousness:NOT_MEASURABLE_WITH_CURRENT_IMPLEMENTATION|visualFairness:NOT_MEASURABLE_WITH_CURRENT_IMPLEMENTATION
campaign-163,163,Magnetic Circuit 163,7x7,5,2,3,40,4,36,28,22,8,0.2222,1.0,3,0.3,3,20,8,0.4,20,1,0.95,1.0,false,0,0.2656,0.7344,0.4074,4,4,1,2,0.4,3,1,2,1,1,84,54,1.0,true,24,false,,stateGraph:COMPLETE|strategy:COMPLETE|ordering:COMPLETE|polarity:COMPLETE|objectRelevance:COMPLETE|humanPerceivedObviousness:NOT_MEASURABLE_WITH_CURRENT_IMPLEMENTATION|visualFairness:NOT_MEASURABLE_WITH_CURRENT_IMPLEMENTATION
campaign-164,164,Magnetic Circuit 164,5x5,6,2,1,51,16,35,31,20,2,0.1143,0.25,7,0.4667,4,24,6,0.25,24,1,0.9583,1.0,false,0,0.2852,0.7148,0.2096,3,3,2,4,0.6667,2,1,0,2,0,88,37,1.0,true,28,false,,stateGraph:COMPLETE|strategy:COMPLETE|ordering:COMPLETE|polarity:COMPLETE|objectRelevance:COMPLETE|humanPerceivedObviousness:NOT_MEASURABLE_WITH_CURRENT_IMPLEMENTATION|visualFairness:NOT_MEASURABLE_WITH_CURRENT_IMPLEMENTATION
campaign-165,165,Magnetic Circuit 165,5x5,4,4,1,24,0,24,20,11,4,0.1667,1.0,1,0.1667,2,24,4,0.1667,12,1,0.9167,1.0,true,,0.5156,0.4844,0.2778,3,3,1,2,0.5,2,0,1,2,2,82,28,1.0,true,16,false,,stateGraph:COMPLETE|strategy:COMPLETE|ordering:COMPLETE|polarity:COMPLETE|objectRelevance:COMPLETE|humanPerceivedObviousness:NOT_MEASURABLE_WITH_CURRENT_IMPLEMENTATION|visualFairness:NOT_MEASURABLE_WITH_CURRENT_IMPLEMENTATION
campaign-166,166,Magnetic Circuit 166,7x7,5,5,2,37,10,27,23,20,4,0.1481,0.4444,4,0.4,3,27,8,0.2963,15,1,0.9333,1.0,true,,0.5078,0.4922,0.2468,3,3,2,3,0.6,2,0,2,4,1,75,30,1.0,true,18,false,,stateGraph:COMPLETE|strategy:COMPLETE|ordering:COMPLETE|polarity:COMPLETE|objectRelevance:COMPLETE|humanPerceivedObviousness:NOT_MEASURABLE_WITH_CURRENT_IMPLEMENTATION|visualFairness:NOT_MEASURABLE_WITH_CURRENT_IMPLEMENTATION
campaign-167,167,Magnetic Circuit 167,5x5,5,1,6,45,6,39,33,25,6,0.1538,0.6667,2,0.2,2,18,6,0.3333,30,1,0.9667,1.0,false,3,0.543,0.457,0.282,4,4,2,4,0.8,1,1,5,1,0,77,39,1.0,true,24,false,,stateGraph:COMPLETE|strategy:COMPLETE|ordering:COMPLETE|polarity:COMPLETE|objectRelevance:COMPLETE|humanPerceivedObviousness:NOT_MEASURABLE_WITH_CURRENT_IMPLEMENTATION|visualFairness:NOT_MEASURABLE_WITH_CURRENT_IMPLEMENTATION
campaign-168,168,Magnetic Circuit 168,7x7,5,5,2,52,0,52,44,23,4,0.1538,0.5,2,0.2,2,34,4,0.1176,40,2,0.95,0.8667,false,0,0.375,0.625,0.3076,4,4,1,2,0.4,3,0,2,2,3,86,37,1.0,true,40,false,,stateGraph:COMPLETE|strategy:COMPLETE|ordering:COMPLETE|polarity:COMPLETE|objectRelevance:COMPLETE|humanPerceivedObviousness:NOT_MEASURABLE_WITH_CURRENT_IMPLEMENTATION|visualFairness:NOT_MEASURABLE_WITH_CURRENT_IMPLEMENTATION
campaign-169,169,Magnetic Circuit 169,5x5,5,2,5,25,10,15,13,8,2,0.1333,0.5,6,0.6,4,10,4,0.4,5,1,0.8,1.0,false,0,0.5273,0.4727,0.2888,4,4,4,2,0.4,3,1,4,2,0,68,43,1.0,true,16,false,,stateGraph:COMPLETE|strategy:COMPLETE|ordering:COMPLETE|polarity:COMPLETE|objectRelevance:COMPLETE|humanPerceivedObviousness:NOT_MEASURABLE_WITH_CURRENT_IMPLEMENTATION|visualFairness:NOT_MEASURABLE_WITH_CURRENT_IMPLEMENTATION
campaign-170,170,Magnetic Circuit 170,5x5,5,3,1,45,6,39,33,25,6,0.1538,0.6667,2,0.2,2,24,6,0.25,30,1,0.9667,1.0,false,3,0.5586,0.4414,0.282,4,4,2,4,0.8,1,1,0,2,1,82,40,1.0,true,24,false,,stateGraph:COMPLETE|strategy:COMPLETE|ordering:COMPLETE|polarity:COMPLETE|objectRelevance:COMPLETE|humanPerceivedObviousness:NOT_MEASURABLE_WITH_CURRENT_IMPLEMENTATION|visualFairness:NOT_MEASURABLE_WITH_CURRENT_IMPLEMENTATION
campaign-171,171,Magnetic Circuit 171,8x8,5,6,4,40,0,40,28,26,8,0.3,1.0,3,0.3,3,40,8,0.2,20,1,0.95,1.0,false,0,0.1836,0.8164,0.5667,4,4,1,2,0.4,3,1,3,3,3,88,55,1.0,true,32,false,,stateGraph:COMPLETE|strategy:COMPLETE|ordering:COMPLETE|polarity:COMPLETE|objectRelevance:COMPLETE|humanPerceivedObviousness:NOT_MEASURABLE_WITH_CURRENT_IMPLEMENTATION|visualFairness:NOT_MEASURABLE_WITH_CURRENT_IMPLEMENTATION
campaign-172,172,Magnetic Circuit 172,5x5,5,5,1,40,8,32,28,18,4,0.125,0.5714,3,0.3,3,32,4,0.125,20,1,0.95,1.0,false,0,0.4609,0.5391,0.25,4,4,1,3,0.6,2,1,0,2,3,88,41,1.0,true,24,false,,stateGraph:COMPLETE|strategy:COMPLETE|ordering:COMPLETE|polarity:COMPLETE|objectRelevance:COMPLETE|humanPerceivedObviousness:NOT_MEASURABLE_WITH_CURRENT_IMPLEMENTATION|visualFairness:NOT_MEASURABLE_WITH_CURRENT_IMPLEMENTATION
campaign-173,173,Magnetic Circuit 173,7x7,5,2,1,24,8,16,11,11,4,0.3125,0.6667,7,0.7,4,16,11,0.6875,4,1,0.75,1.0,false,0,0.1797,0.8203,0.5208,3,3,4,4,0.8,1,0,1,2,0,83,61,1.0,true,15,false,,stateGraph:COMPLETE|strategy:COMPLETE|ordering:COMPLETE|polarity:COMPLETE|objectRelevance:COMPLETE|humanPerceivedObviousness:NOT_MEASURABLE_WITH_CURRENT_IMPLEMENTATION|visualFairness:NOT_MEASURABLE_WITH_CURRENT_IMPLEMENTATION
campaign-174,174,Magnetic Circuit 174,7x7,5,5,2,57,6,51,40,36,10,0.2157,0.7143,1,0.1,2,37,20,0.5405,30,2,0.9333,0.76,false,3,0.3711,0.6289,0.3595,3,3,2,4,0.8,1,1,1,2,3,84,47,1.0,true,36,false,,stateGraph:COMPLETE|strategy:COMPLETE|ordering:COMPLETE|polarity:COMPLETE|objectRelevance:COMPLETE|humanPerceivedObviousness:NOT_MEASURABLE_WITH_CURRENT_IMPLEMENTATION|visualFairness:NOT_MEASURABLE_WITH_CURRENT_IMPLEMENTATION
campaign-175,175,Magnetic Circuit 175,6x6,4,1,7,24,0,24,20,11,4,0.1667,1.0,1,0.1667,2,8,4,0.5,12,1,0.9167,1.0,false,0,0.4609,0.5391,0.2778,3,3,1,2,0.5,2,2,5,1,0,74,44,1.0,true,16,false,,stateGraph:COMPLETE|strategy:COMPLETE|ordering:COMPLETE|polarity:COMPLETE|objectRelevance:COMPLETE|humanPerceivedObviousness:NOT_MEASURABLE_WITH_CURRENT_IMPLEMENTATION|visualFairness:NOT_MEASURABLE_WITH_CURRENT_IMPLEMENTATION
campaign-176,176,Magnetic Circuit 176,8x8,5,6,2,64,4,60,52,34,8,0.1333,0.7273,1,0.1,2,56,16,0.2857,40,2,0.95,0.8857,true,,0.5352,0.4648,0.2444,4,4,2,4,0.8,1,1,1,2,4,84,25,1.0,true,36,false,,stateGraph:COMPLETE|strategy:COMPLETE|ordering:COMPLETE|polarity:COMPLETE|objectRelevance:COMPLETE|humanPerceivedObviousness:NOT_MEASURABLE_WITH_CURRENT_IMPLEMENTATION|visualFairness:NOT_MEASURABLE_WITH_CURRENT_IMPLEMENTATION
campaign-177,177,Magnetic Circuit 177,5x5,4,2,1,19,2,17,15,4,2,0.1176,1.0,2,0.3333,2,17,2,0.1176,8,1,0.875,1.0,false,0,0.4961,0.5039,0.1764,2,2,1,1,0.25,3,0,1,1,1,77,33,1.0,true,12,false,,stateGraph:COMPLETE|strategy:COMPLETE|ordering:COMPLETE|polarity:COMPLETE|objectRelevance:COMPLETE|humanPerceivedObviousness:NOT_MEASURABLE_WITH_CURRENT_IMPLEMENTATION|visualFairness:NOT_MEASURABLE_WITH_CURRENT_IMPLEMENTATION
campaign-178,178,Magnetic Circuit 178,5x5,5,3,1,51,5,46,41,31,5,0.1087,0.4167,1,0.1,2,32,5,0.1562,38,3,0.9211,0.7778,true,,0.4961,0.5039,0.2029,4,4,1,4,0.8,1,1,0,2,1,83,20,1.0,true,28,false,,stateGraph:COMPLETE|strategy:COMPLETE|ordering:COMPLETE|polarity:COMPLETE|objectRelevance:COMPLETE|humanPerceivedObviousness:NOT_MEASURABLE_WITH_CURRENT_IMPLEMENTATION|visualFairness:NOT_MEASURABLE_WITH_CURRENT_IMPLEMENTATION
campaign-179,179,Magnetic Circuit 179,7x7,5,5,2,54,7,47,39,27,8,0.1702,0.8,1,0.1,2,44,10,0.2273,25,2,0.92,0.8571,true,,0.5391,0.4609,0.2978,4,4,1,3,0.6,2,1,1,2,3,88,29,1.0,true,32,false,,stateGraph:COMPLETE|strategy:COMPLETE|ordering:COMPLETE|polarity:COMPLETE|objectRelevance:COMPLETE|humanPerceivedObviousness:NOT_MEASURABLE_WITH_CURRENT_IMPLEMENTATION|visualFairness:NOT_MEASURABLE_WITH_CURRENT_IMPLEMENTATION
campaign-180,180,Magnetic Circuit 180,6x6,4,3,4,24,0,24,20,11,4,0.1667,1.0,1,0.1667,2,12,4,0.3333,12,1,0.9167,1.0,false,0,0.5156,0.4844,0.2778,3,3,1,1,0.25,3,2,2,1,2,75,39,1.0,true,16,false,,stateGraph:COMPLETE|strategy:COMPLETE|ordering:COMPLETE|polarity:COMPLETE|objectRelevance:COMPLETE|humanPerceivedObviousness:NOT_MEASURABLE_WITH_CURRENT_IMPLEMENTATION|visualFairness:NOT_MEASURABLE_WITH_CURRENT_IMPLEMENTATION
campaign-181,181,Magnetic Circuit 181,6x6,6,2,9,99,15,84,66,61,16,0.2143,0.6957,1,0.0667,2,63,36,0.5714,75,3,0.96,0.8605,true,,0.3516,0.6484,0.3651,4,4,1,4,0.6667,2,2,7,2,0,90,38,1.0,true,52,false,,stateGraph:COMPLETE|strategy:COMPLETE|ordering:COMPLETE|polarity:COMPLETE|objectRelevance:COMPLETE|humanPerceivedObviousness:NOT_MEASURABLE_WITH_CURRENT_IMPLEMENTATION|visualFairness:NOT_MEASURABLE_WITH_CURRENT_IMPLEMENTATION
campaign-182,182,Magnetic Circuit 182,8x8,6,2,4,45,17,28,22,18,6,0.2143,0.75,7,0.4667,4,17,6,0.3529,15,1,0.9333,1.0,false,2,0.2266,0.7734,0.3929,4,4,4,4,0.6667,2,3,1,1,1,82,54,1.0,true,21,false,,stateGraph:COMPLETE|strategy:COMPLETE|ordering:COMPLETE|polarity:COMPLETE|objectRelevance:COMPLETE|humanPerceivedObviousness:NOT_MEASURABLE_WITH_CURRENT_IMPLEMENTATION|visualFairness:NOT_MEASURABLE_WITH_CURRENT_IMPLEMENTATION
campaign-183,183,Magnetic Circuit 183,5x5,4,2,5,24,0,24,20,11,4,0.1667,1.0,1,0.1667,2,8,4,0.5,12,1,0.9167,1.0,true,,0.5391,0.4609,0.2778,3,3,1,1,0.25,3,1,4,1,1,63,31,1.0,true,16,false,,stateGraph:COMPLETE|strategy:COMPLETE|ordering:COMPLETE|polarity:COMPLETE|objectRelevance:COMPLETE|humanPerceivedObviousness:NOT_MEASURABLE_WITH_CURRENT_IMPLEMENTATION|visualFairness:NOT_MEASURABLE_WITH_CURRENT_IMPLEMENTATION
campaign-184,184,Magnetic Circuit 184,7x7,6,6,3,78,18,60,45,43,13,0.25,0.8125,4,0.2667,3,60,37,0.6167,40,2,0.95,0.8182,false,3,0.2148,0.7852,0.4389,4,4,3,4,0.6667,2,0,3,4,2,86,55,1.0,true,45,false,,stateGraph:COMPLETE|strategy:COMPLETE|ordering:COMPLETE|polarity:COMPLETE|objectRelevance:COMPLETE|humanPerceivedObviousness:NOT_MEASURABLE_WITH_CURRENT_IMPLEMENTATION|visualFairness:NOT_MEASURABLE_WITH_CURRENT_IMPLEMENTATION
campaign-185,185,Magnetic Circuit 185,6x6,5,4,3,30,10,20,17,11,3,0.15,0.6,4,0.4,3,9,3,0.3333,10,1,0.9,1.0,true,,0.4922,0.5078,0.25,3,3,2,2,0.4,2,1,2,1,3,73,33,1.0,true,15,false,,stateGraph:COMPLETE|strategy:COMPLETE|ordering:COMPLETE|polarity:COMPLETE|objectRelevance:COMPLETE|humanPerceivedObviousness:NOT_MEASURABLE_WITH_CURRENT_IMPLEMENTATION|visualFairness:NOT_MEASURABLE_WITH_CURRENT_IMPLEMENTATION
campaign-186,186,Magnetic Circuit 186,5x5,3,2,5,9,0,9,7,4,2,0.2222,1.0,1,0.3333,2,6,2,0.3333,3,1,0.6667,1.0,false,1,0.5156,0.4844,0.3333,2,2,2,2,0.6667,1,1,4,1,1,66,47,1.0,true,8,false,,stateGraph:COMPLETE|strategy:COMPLETE|ordering:COMPLETE|polarity:COMPLETE|objectRelevance:COMPLETE|humanPerceivedObviousness:NOT_MEASURABLE_WITH_CURRENT_IMPLEMENTATION|visualFairness:NOT_MEASURABLE_WITH_CURRENT_IMPLEMENTATION
campaign-187,187,Magnetic Circuit 187,7x7,5,3,2,28,6,22,18,8,4,0.1818,1.0,5,0.5,3,12,2,0.1667,10,1,0.9,1.0,false,0,0.2344,0.7656,0.303,3,3,1,2,0.4,3,0,2,2,1,80,48,1.0,true,16,false,,stateGraph:COMPLETE|strategy:COMPLETE|ordering:COMPLETE|polarity:COMPLETE|objectRelevance:COMPLETE|humanPerceivedObviousness:NOT_MEASURABLE_WITH_CURRENT_IMPLEMENTATION|visualFairness:NOT_MEASURABLE_WITH_CURRENT_IMPLEMENTATION
campaign-188,188,Magnetic Circuit 188,5x5,6,5,3,52,16,36,26,28,8,0.2778,0.8,8,0.5333,4,36,18,0.5,18,1,0.9444,1.0,false,2,0.2891,0.7109,0.5093,4,4,3,3,0.5,3,2,1,4,1,86,61,1.0,true,32,false,,stateGraph:COMPLETE|strategy:COMPLETE|ordering:COMPLETE|polarity:COMPLETE|objectRelevance:COMPLETE|humanPerceivedObviousness:NOT_MEASURABLE_WITH_CURRENT_IMPLEMENTATION|visualFairness:NOT_MEASURABLE_WITH_CURRENT_IMPLEMENTATION
campaign-189,189,Magnetic Circuit 189,5x5,4,5,2,18,3,15,12,9,3,0.2,0.75,2,0.3333,2,15,6,0.4,6,1,0.8333,1.0,false,1,0.5234,0.4766,0.3333,3,3,1,2,0.5,2,1,1,2,3,80,50,1.0,true,12,false,,stateGraph:COMPLETE|strategy:COMPLETE|ordering:COMPLETE|polarity:COMPLETE|objectRelevance:COMPLETE|humanPerceivedObviousness:NOT_MEASURABLE_WITH_CURRENT_IMPLEMENTATION|visualFairness:NOT_MEASURABLE_WITH_CURRENT_IMPLEMENTATION
campaign-190,190,Magnetic Circuit 190,7x7,5,3,2,54,3,51,43,30,8,0.1569,0.7273,1,0.1,2,39,8,0.2051,40,2,0.95,0.8889,false,0,0.4414,0.5586,0.2746,4,4,1,3,0.6,2,1,1,2,1,87,39,1.0,true,32,false,,stateGraph:COMPLETE|strategy:COMPLETE|ordering:COMPLETE|polarity:COMPLETE|objectRelevance:COMPLETE|humanPerceivedObviousness:NOT_MEASURABLE_WITH_CURRENT_IMPLEMENTATION|visualFairness:NOT_MEASURABLE_WITH_CURRENT_IMPLEMENTATION
campaign-191,191,Magnetic Circuit 191,5x5,5,3,1,45,6,39,33,25,6,0.1538,0.6667,2,0.2,2,39,12,0.3077,30,1,0.9667,1.0,true,,0.5,0.5,0.282,4,4,1,2,0.4,3,0,1,2,1,83,32,1.0,true,24,false,,stateGraph:COMPLETE|strategy:COMPLETE|ordering:COMPLETE|polarity:COMPLETE|objectRelevance:COMPLETE|humanPerceivedObviousness:NOT_MEASURABLE_WITH_CURRENT_IMPLEMENTATION|visualFairness:NOT_MEASURABLE_WITH_CURRENT_IMPLEMENTATION
campaign-192,192,Magnetic Circuit 192,7x7,5,6,2,25,2,23,13,16,6,0.4348,1.0,6,0.6,4,18,8,0.4444,5,1,0.8,1.0,false,0,0.0469,0.9531,0.8261,4,4,4,4,0.8,1,1,1,2,4,83,63,1.0,true,24,false,,stateGraph:COMPLETE|strategy:COMPLETE|ordering:COMPLETE|polarity:COMPLETE|objectRelevance:COMPLETE|humanPerceivedObviousness:NOT_MEASURABLE_WITH_CURRENT_IMPLEMENTATION|visualFairness:NOT_MEASURABLE_WITH_CURRENT_IMPLEMENTATION
campaign-193,193,Magnetic Circuit 193,6x6,4,4,2,19,2,17,15,4,2,0.1176,1.0,2,0.3333,2,17,2,0.1176,8,1,0.875,1.0,true,,0.4844,0.5156,0.1764,2,2,1,2,0.5,2,2,0,1,3,80,26,1.0,true,12,false,,stateGraph:COMPLETE|strategy:COMPLETE|ordering:COMPLETE|polarity:COMPLETE|objectRelevance:COMPLETE|humanPerceivedObviousness:NOT_MEASURABLE_WITH_CURRENT_IMPLEMENTATION|visualFairness:NOT_MEASURABLE_WITH_CURRENT_IMPLEMENTATION
campaign-194,194,Magnetic Circuit 194,7x7,5,3,3,40,0,40,28,26,8,0.3,1.0,3,0.3,3,32,8,0.25,20,1,0.95,1.0,true,,0.1602,0.8398,0.5667,4,4,1,2,0.4,3,1,2,2,1,87,47,1.0,true,32,false,,stateGraph:COMPLETE|strategy:COMPLETE|ordering:COMPLETE|polarity:COMPLETE|objectRelevance:COMPLETE|humanPerceivedObviousness:NOT_MEASURABLE_WITH_CURRENT_IMPLEMENTATION|visualFairness:NOT_MEASURABLE_WITH_CURRENT_IMPLEMENTATION
campaign-195,195,Magnetic Circuit 195,5x5,6,3,1,72,22,50,42,37,8,0.16,0.5333,3,0.2,3,44,16,0.3636,40,2,0.95,1.0,false,1,0.4805,0.5195,0.2933,4,4,2,5,0.8333,1,0,1,3,0,88,44,1.0,true,28,false,,stateGraph:COMPLETE|strategy:COMPLETE|ordering:COMPLETE|polarity:COMPLETE|objectRelevance:COMPLETE|humanPerceivedObviousness:NOT_MEASURABLE_WITH_CURRENT_IMPLEMENTATION|visualFairness:NOT_MEASURABLE_WITH_CURRENT_IMPLEMENTATION
campaign-196,196,Magnetic Circuit 196,7x7,5,3,2,30,7,23,17,15,6,0.2609,0.8571,4,0.4,3,9,6,0.6667,10,1,0.9,1.0,false,0,0.2422,0.7578,0.4783,4,4,1,3,0.6,2,1,1,1,2,84,62,1.0,true,18,false,,stateGraph:COMPLETE|strategy:COMPLETE|ordering:COMPLETE|polarity:COMPLETE|objectRelevance:COMPLETE|humanPerceivedObviousness:NOT_MEASURABLE_WITH_CURRENT_IMPLEMENTATION|visualFairness:NOT_MEASURABLE_WITH_CURRENT_IMPLEMENTATION
campaign-197,197,Magnetic Circuit 197,5x5,4,3,4,24,0,24,20,11,4,0.1667,1.0,1,0.1667,2,14,4,0.2857,12,1,0.9167,1.0,false,0,0.5156,0.4844,0.2778,3,3,1,1,0.25,3,2,2,1,2,71,38,1.0,true,16,false,,stateGraph:COMPLETE|strategy:COMPLETE|ordering:COMPLETE|polarity:COMPLETE|objectRelevance:COMPLETE|humanPerceivedObviousness:NOT_MEASURABLE_WITH_CURRENT_IMPLEMENTATION|visualFairness:NOT_MEASURABLE_WITH_CURRENT_IMPLEMENTATION
campaign-198,198,Magnetic Circuit 198,7x7,5,3,3,40,4,36,28,22,8,0.2222,1.0,3,0.3,3,20,8,0.4,20,1,0.95,1.0,false,0,0.2344,0.7656,0.4074,4,4,1,3,0.6,2,2,1,1,2,85,56,1.0,true,24,false,,stateGraph:COMPLETE|strategy:COMPLETE|ordering:COMPLETE|polarity:COMPLETE|objectRelevance:COMPLETE|humanPerceivedObviousness:NOT_MEASURABLE_WITH_CURRENT_IMPLEMENTATION|visualFairness:NOT_MEASURABLE_WITH_CURRENT_IMPLEMENTATION
campaign-199,199,Magnetic Circuit 199,5x5,6,5,3,37,17,20,14,10,5,0.3,1.0,11,0.7333,4,18,6,0.3333,6,1,0.8333,1.0,false,0,0.2617,0.7383,0.6667,4,4,4,3,0.5,3,1,2,2,3,86,58,1.0,true,24,false,,stateGraph:COMPLETE|strategy:COMPLETE|ordering:COMPLETE|polarity:COMPLETE|objectRelevance:COMPLETE|humanPerceivedObviousness:NOT_MEASURABLE_WITH_CURRENT_IMPLEMENTATION|visualFairness:NOT_MEASURABLE_WITH_CURRENT_IMPLEMENTATION
campaign-200,200,Magnetic Circuit 200,8x8,5,3,4,33,0,33,23,19,6,0.303,1.0,4,0.4,3,26,8,0.3077,15,1,0.9333,1.0,false,1,0.1094,0.8906,0.5555,4,4,1,3,0.6,2,1,3,2,1,85,60,1.0,true,32,false,,stateGraph:COMPLETE|strategy:COMPLETE|ordering:COMPLETE|polarity:COMPLETE|objectRelevance:COMPLETE|humanPerceivedObviousness:NOT_MEASURABLE_WITH_CURRENT_IMPLEMENTATION|visualFairness:NOT_MEASURABLE_WITH_CURRENT_IMPLEMENTATION
